subject,modeldate,party,startdate,enddate,pollster,grade,samplesize,population,weight,influence,multiversions,tracking,url,approve,disapprove,approve_adjusted,disapprove_adjusted,timestamp
Trump,4/1/2020,D,2/7/2020,2/9/2020,Morning Consult,B/C,817,a,.603806,0,"","",https://morningconsult.com/wp-content/uploads/2020/02/200214_crosstabs_CORONAVIRUS_Adults_v4_JB.pdf,37,37,34.49088,41.58694,14:11:26  1 Apr 2020
Trump,4/1/2020,D,2/9/2020,2/11/2020,YouGov,B-,510,a,.4130127,0,"","",https://d25d2506sfb94s.cloudfront.net/cumulus_uploads/document/79zfxkws33/econTabReport.pdf,19,50,19.98075,50.42955,14:11:26  1 Apr 2020
Trump,4/1/2020,D,2/16/2020,2/18/2020,YouGov,B-,529,a,.3617945,.0074101,"","",https://d25d2506sfb94s.cloudfront.net/cumulus_uploads/document/m3wzkd0n59/econTabReport.pdf,11,59,11.98075,59.42955,14:11:26  1 Apr 2020
Trump,4/1/2020,D,2/23/2020,2/25/2020,YouGov,B-,525,a,.3186801,.0177067,"","",https://d25d2506sfb94s.cloudfront.net/cumulus_uploads/document/zye3phsf7t/econTabReport.pdf,14,56,14.98075,56.42955,14:11:26  1 Apr 2020
Trump,4/1/2020,D,2/24/2020,2/26/2020,Morning Consult,B/C,786,a,.2987443,.0171151,"","",https://morningconsult.com/wp-content/uploads/2020/02/200260_crosstabs_CORONAVIRUS_Adults_v2_JB.pdf,29,49,26.49088,53.58694,14:11:26  1 Apr 2020
Trump,4/1/2020,D,2/26/2020,2/28/2020,YouGov,B-,324,a,.1868366,.0133501,"","",https://projects.fivethirtyeight.com/polls/20200318_National_HPYouGov_coronavirus_2.pdf,18,70,18.98075,70.42955,14:11:26  1 Apr 2020
Trump,4/1/2020,D,2/26/2020,2/28/2020,Harris Insights & Analytics,C+,925,rv,.6958394,.0531017,"","",https://harvardharrispoll.com/wp-content/uploads/2020/03/HHP_February2020_RegisteredVoters_Crosstabs.pdf,22,78,19.5367,77.30794,14:11:26  1 Apr 2020
Trump,4/1/2020,D,2/28/2020,3/1/2020,Morning Consult,B/C,814,a,.2700658,.0243891,"","",https://morningconsult.com/wp-content/uploads/2020/03/200271_crosstabs_CORONAVIRUS_Adults_v2_JB-1.pdf,23,61,20.49088,65.58694,14:11:26  1 Apr 2020
Trump,4/1/2020,D,3/1/2020,3/3/2020,YouGov,B-,622,a,.3381534,.0412678,"","",https://d25d2506sfb94s.cloudfront.net/cumulus_uploads/document/3rdraw493c/econTabReport.pdf,11,80,11.98075,80.42955,14:11:26  1 Apr 2020
Trump,4/1/2020,D,3/2/2020,3/3/2020,Ipsos,B-,527,a,.5040936,.0681004,"","",https://www.ipsos.com/sites/default/files/ct/news/documents/2020-03/topline_reuters_coronavirus_03_03_2020.pdf,15,76,13.90772,77.11019,14:11:26  1 Apr 2020
Trump,4/1/2020,D,3/3/2020,3/5/2020,Morning Consult,B/C,769,rv,.2303846,.0353002,"","",https://morningconsult.com/wp-content/uploads/2020/03/200311_crosstabs_CORONAVIRUS_RVs_v3_YW.pdf,15,72,12.49088,76.58694,14:11:26  1 Apr 2020
Trump,4/1/2020,D,3/2/2020,3/8/2020,SurveyMonkey,D-,1053,a,.5366558,.116288,"","",https://www.surveymonkey.com/curiosity/nyt-march-2020-cci/,16,82,15.76756,80.20835,14:11:26  1 Apr 2020
Trump,4/1/2020,D,3/4/2020,3/7/2020,SSRS,A/B,411.74,a,.7596464,.1782807,"","","https://cdn.cnn.com/cnn/2020/images/03/09/rel2b.-.trump,.coronavirus.pdf",10,84,11.24233,82.25793,14:11:26  1 Apr 2020
Trump,4/1/2020,D,3/6/2020,3/8/2020,Global Strategy Group/GBA Strategies,"",420,rv,.4342144,.0925443,"","",https://navigatorresearch.org/wp-content/uploads/2020/03/March-2020-Navigator-Coronavirus-Toplines.pdf,12,80,12.88757,79.21515,14:11:26  1 Apr 2020
Trump,4/1/2020,D,3/5/2020,3/8/2020,Quinnipiac University,B+,453.96,rv,.8441678,.2133112,"","",https://poll.qu.edu/national/release-detail?ReleaseID=3657,10,83,11.31378,81.50185,14:11:26  1 Apr 2020
Trump,4/1/2020,D,3/6/2020,3/9/2020,Morning Consult,B/C,809,a,.2242061,.0491748,"","",https://morningconsult.com/wp-content/uploads/2020/03/200326_crosstabs_CORONAVIRUS_Adults_v4_JB.pdf,16,72,13.49088,76.58694,14:11:26  1 Apr 2020
Trump,4/1/2020,D,3/8/2020,3/9/2020,Harris Insights & Analytics,C+,370,rv,.2422151,.0556781,"","",https://thehill.com/hilltv/what-americas-thinking/487327-poll-trump-sees-high-marks-on-the-economy-low-marks-on-handling,21,79,18.5367,78.30794,14:11:26  1 Apr 2020
Trump,4/1/2020,D,3/8/2020,3/10/2020,YouGov,B-,533,a,.2637925,.06126,"","",https://docs.cdn.yougov.com/vrbl9mmctz/econTabReport.pdf,12,78,12.98075,78.42955,14:11:26  1 Apr 2020
Trump,4/1/2020,D,3/10/2020,3/11/2020,YouGov,B-,568,a,.2731147,.0730296,"","",https://docs.cdn.yougov.com/ap1p15w9nv/20200311_yahoo_coronavirus_crosstabs.pdf,18,74,18.98075,74.42955,14:11:26  1 Apr 2020
Trump,4/1/2020,D,3/10/2020,3/12/2020,YouGov,B-,328,a,.1577142,.042172,"","",https://big.assets.huffingtonpost.com/athena/files/2020/03/17/5e70fe10c5b63c3b6485b422.pdf,16,78,16.98075,78.42955,14:11:26  1 Apr 2020
Trump,4/1/2020,D,3/12/2020,3/12/2020,SurveyUSA,A,337,a,.6470813,.2173484,"","",http://www.surveyusa.com/client/PollTrack.aspx?g=41b2a625-ff4d-4ffa-99b2-de9cc09cdd58,10,72,10.01671,73.59846,14:11:26  1 Apr 2020
Trump,4/1/2020,D,3/10/2020,3/14/2020,Morning Consult,B/C,754,a,.2001083,.057096,"","",https://morningconsult.com/wp-content/uploads/2020/03/200333_crosstabs_CORONAVIRUS_Adults_v3_JB-2.pdf,16,74,13.49088,78.58694,14:11:26  1 Apr 2020
Trump,4/1/2020,D,3/11/2020,3/13/2020,NBC News/Wall Street Journal,A/B,395,rv,.7776899,.2665015,"","",https://www.documentcloud.org/documents/6810602-200149-NBCWSJ-March-Poll-Final-3-14-20-Release.html,13,84,13.84808,82.42088,14:11:26  1 Apr 2020
Trump,4/1/2020,D,3/11/2020,3/12/2020,Ipsos,B-,149,a,.104495,.0318922,"","",https://www.ipsos.com/sites/default/files/ct/news/documents/2020-03/topline-abc-news-coronavirus-031320.pdf,14,86,12.90772,87.11019,14:11:26  1 Apr 2020
Trump,4/1/2020,D,3/13/2020,3/15/2020,YouGov,B-,352,a,.167702,.0533353,"","",https://big.assets.huffingtonpost.com/athena/files/2020/03/17/5e70fe10c5b60fb69ddf0b8d.pdf,20,75,20.98075,75.42955,14:11:26  1 Apr 2020
Trump,4/1/2020,D,3/13/2020,3/14/2020,Marist College,A+,290.08,rv,.6348358,.2404006,"","",http://maristpoll.marist.edu/wp-content/uploads/2020/03/NPR_PBS-NewsHour_Marist-Poll_USA-NOS-and-Tables_2003151338.pdf,15,83,15.51641,81.7702,14:11:26  1 Apr 2020
Trump,4/1/2020,D,3/13/2020,3/16/2020,Morning Consult,B/C,761,rv,.196445,.0718739,"","",https://morningconsult.com/wp-content/uploads/2020/03/200346_crosstabs_CORONAVIRUS_TREND_RVs_v3_JB-1.pdf,18,73,15.49088,77.58694,14:11:26  1 Apr 2020
Trump,4/1/2020,D,3/14/2020,3/15/2020,Harris Insights & Analytics,C+,779,a,.453597,.1662298,"","",https://theharrispoll.com/wp-content/uploads/2020/03/Harris-Poll-COVID19-Tabs_Wave-2.pdf,26,74,23.5367,73.30794,14:11:26  1 Apr 2020
Trump,4/1/2020,D,3/15/2020,3/17/2020,YouGov,B-,511,a,.2422888,.0986548,"","",https://docs.cdn.yougov.com/fcdckgt368/econTabReport.pdf,22,73,22.98075,73.42955,14:11:26  1 Apr 2020
Trump,4/1/2020,D,3/16/2020,3/16/2020,Morning Consult,B/C,761,rv,.1969123,.0804643,"","",https://morningconsult.com/wp-content/uploads/2020/03/200346_crosstabs_POLITICO_RVs_v1_AUTO.pdf,10,84,7.490882,88.58694,14:11:26  1 Apr 2020
Trump,4/1/2020,D,3/16/2020,3/17/2020,Ipsos,B-,539,a,.3337409,.1592941,"","",https://fingfx.thomsonreuters.com/gfx/mkt/13/3563/3524/Topline%20Reuters%20Coronavirus%2003%2017%202020.pdf,21,75,19.90772,76.11019,14:11:26  1 Apr 2020
Trump,4/1/2020,D,3/13/2020,3/22/2020,Gallup,B,314,a,.579473,.3094451,"","",https://news.gallup.com/poll/298313/president-trump-job-approval-rating.aspx,27,72,25.35532,72.91723,14:11:26  1 Apr 2020
Trump,4/1/2020,D,3/18/2020,3/19/2020,SurveyUSA,A,414,a,.7758562,.4421686,"","",http://www.surveyusa.com/client/PollReport.aspx?g=982bb407-60fd-42bc-ac07-080c7af879b2,24,68,24.01671,69.59846,14:11:26  1 Apr 2020
Trump,4/1/2020,D,3/18/2020,3/19/2020,Emerson College,A-,402,rv,.8137864,.4661723,"","",https://emersonpolling.reportablenews.com/pr/march-national-poll-70-of-americans-worried-about-catching-coronavirus,20.8,68,20.52091,69.91512,14:11:26  1 Apr 2020
Trump,4/1/2020,D,3/18/2020,3/19/2020,Ipsos,B-,140,a,.0849393,.047542,"","",https://www.ipsos.com/sites/default/files/ct/news/documents/2020-03/topline-abc-news-coronavirus-032020.pdf,30,69,28.90772,70.11019,14:11:26  1 Apr 2020
Trump,4/1/2020,D,3/17/2020,3/20/2020,Morning Consult,B/C,725,rv,.1930229,.1033596,"","",https://morningconsult.com/wp-content/uploads/2020/03/200371_crosstabs_CORONAVIRUS_TREND_PARTIALS_RVs_v2_JB.pdf,26,64,23.49088,68.58694,14:11:26  1 Apr 2020
Trump,4/1/2020,D,3/18/2020,3/22/2020,Monmouth University,A+,282,a,.6394899,.3911607,"","",https://www.monmouth.edu/polling-institute/documents/monmouthpoll_us_032320.pdf/,19,76,19.18737,76.01922,14:11:26  1 Apr 2020
Trump,4/1/2020,D,3/19/2020,3/22/2020,Rasmussen Reports/Pulse Opinion Research,C+,370,lv,.5847676,.3803963,"","",https://www.rasmussenreports.com/platinum/political_tracking_crosstabs/march_2020/crosstabs_trump_response_to_coronavirus_march_19_and_22_2020,25,72,23.91695,72.91409,14:11:26  1 Apr 2020
Trump,4/1/2020,D,3/18/2020,3/24/2020,Ipsos,B-,1981,a,1.177601,.756285,"","",https://fingfx.thomsonreuters.com/gfx/mkt/13/3885/3841/Topline%20Reuters%20Coronavirus%2003%2024%202020.pdf,24,71,22.90772,72.11019,14:11:26  1 Apr 2020
Trump,4/1/2020,D,3/20/2020,3/22/2020,Morning Consult,B/C,800,a,.221234,.1368673,"","",https://morningconsult.com/wp-content/uploads/2020/03/200383_crosstabs_CORONAVIRUS_CONTENT_Adults_v4_JB.pdf,25,67,22.49088,71.58694,14:11:26  1 Apr 2020
Trump,4/1/2020,D,3/20/2020,3/22/2020,YouGov,B-,340,a,.164701,.1025686,"","",https://big.assets.huffingtonpost.com/athena/files/2020/03/24/5e7a4240c5b63c3b6498205f.pdf,27,68,27.98075,68.42955,14:11:26  1 Apr 2020
Trump,4/1/2020,D,3/21/2020,3/23/2020,YouGov,B-,693,a,.3384251,.2250595,"","",https://drive.google.com/file/d/1TofJVeuCbZN8cRGBN97kWGqhO6tlQ7VA/view,22,78,22.98075,78.42955,14:11:26  1 Apr 2020
Trump,4/1/2020,D,3/19/2020,3/24/2020,Pew Research Center,B/C,6474,a,2.460264,1.69596,"","",https://www.people-press.org/wp-content/uploads/sites/4/2020/03/PP_2020.03.26_Coronavirus-Impact_FINAL.pdf,18,81,18.95553,79.0622,14:11:26  1 Apr 2020
Trump,4/1/2020,D,3/20/2020,3/23/2020,Global Strategy Group/GBA Strategies,"",108.99,rv,.0908187,.0610561,"",T,https://navigatorresearch.org/wp-content/uploads/2020/03/Navigator-Daily-Tracker-Topline-F03.23.20.pdf,24,72,24.88757,71.21515,14:11:26  1 Apr 2020
Trump,4/1/2020,D,3/22/2020,3/24/2020,YouGov,B-,502,a,.2503273,.1768063,"","",https://docs.cdn.yougov.com/bfiid7tfh3/econTabReport.pdf,21,74,21.98075,74.42955,14:11:26  1 Apr 2020
Trump,4/1/2020,D,3/21/2020,3/24/2020,Global Strategy Group/GBA Strategies,"",106.26,rv,.0875943,.0625402,"",T,https://navigatorresearch.org/wp-content/uploads/2020/03/Navigator-Daily-Tracker-Topline-F03.24.20.pdf,23,73,23.88757,72.21515,14:11:26  1 Apr 2020
Trump,4/1/2020,D,3/21/2020,3/24/2020,Fox News/Beacon Research/Shaw & Co. Research,A-,495.39,rv,.9725978,.7082196,"","",https://www.scribd.com/document/453417322/Fox-News-Poll-March-21-24-2020,24,74,23.15661,74.50067,14:11:26  1 Apr 2020
Trump,4/1/2020,D,3/22/2020,3/23/2020,Harris Insights & Analytics,C+,371,rv,.2113234,.1503641,"","",https://thehill.com/hilltv/what-americas-thinking/489920-poll-trumps-approval-on-coronavirus-drops-after-calls-to-reopen,30,70,27.5367,69.30794,14:11:26  1 Apr 2020
Trump,4/1/2020,D,3/22/2020,3/25/2020,Global Strategy Group/GBA Strategies,"",105.315,rv,.0857727,.0648489,"",T,https://navigatorresearch.org/wp-content/uploads/2020/03/Navigator-Daily-Tracker-Topline-F03.25.20.pdf,18,78,18.88757,77.21515,14:11:26  1 Apr 2020
Trump,4/1/2020,D,3/22/2020,3/25/2020,ABC News/Washington Post,A+,300.9,a,.6718016,.5152755,"","",https://www.washingtonpost.com/context/washington-post-abc-news-poll-march-22-25-2020/974c3312-5a40-4764-afb1-4bb6b86f1cf4/,17,78,17.78798,77.58044,14:11:26  1 Apr 2020
Trump,4/1/2020,D,3/24/2020,3/26/2020,Harris Insights & Analytics,C+,903,rv,.523028,.4153669,*,"",https://harvardharrispoll.com/wp-content/uploads/2020/03/HHP_March2020_RegisteredVoters_Crosstabs.pdf,21,79,18.5367,78.30794,14:11:26  1 Apr 2020
Trump,4/1/2020,D,3/24/2020,3/25/2020,SurveyUSA,A,371,a,.7075987,.5687667,"","",http://www.surveyusa.com/client/PollReport.aspx?g=a6354d34-2350-49a3-b360-8772ca176a2d,22,76,22.01671,77.59846,14:11:26  1 Apr 2020
Trump,4/1/2020,D,3/23/2020,3/26/2020,Global Strategy Group/GBA Strategies,"",105.525,rv,.0854123,.0681113,"",T,https://navigatorresearch.org/wp-content/uploads/2020/03/Navigator-Daily-Tracker-Topline-F03.26.20.pdf,17,82,17.88757,81.21515,14:11:26  1 Apr 2020
Trump,4/1/2020,D,3/24/2020,3/26/2020,Morning Consult,B/C,782,a,.2447326,.1921095,"","",https://morningconsult.com/wp-content/uploads/2020/03/200394_crosstabs_CORONAVIRUS_CONTENT_Adults_v4_JB.pdf,22,72,19.49088,76.58694,14:11:26  1 Apr 2020
Trump,4/1/2020,D,3/23/2020,3/26/2020,McLaughlin & Associates,C/D,360,lv,.504579,.4066089,"","",https://mclaughlinonline.com/pols/wp-content/uploads/2020/03/National-Monthly-Omnibus-MARCH-PUBLIC.pdf,25,72,24.07613,72.89722,14:11:26  1 Apr 2020
Trump,4/1/2020,D,3/25/2020,3/26/2020,YouGov,B-,565,a,.3091787,.2566468,"","",https://docs.cdn.yougov.com/69501vybsd/20200326_yahoo_coronavirus_crosstabs.pdf,17,79,17.98075,79.42955,14:11:26  1 Apr 2020
Trump,4/1/2020,D,3/24/2020,3/27/2020,Global Strategy Group/GBA Strategies,"",107.31,rv,.0868074,.0727727,"",T,https://navigatorresearch.org/wp-content/uploads/2020/03/Navigator-Daily-Tracker-Topline-F03.27.20.pdf,16,81,16.88757,80.21515,14:11:26  1 Apr 2020
Trump,4/1/2020,D,3/26/2020,3/27/2020,Harris Insights & Analytics,C+,351,rv,.2168281,.1898328,"","",https://thehill.com/hilltv/what-americas-thinking/489920-poll-trumps-approval-on-coronavirus-drops-after-calls-to-reopen,29,71,26.5367,70.30794,14:11:26  1 Apr 2020
Trump,4/1/2020,D,3/27/2020,3/29/2020,Morning Consult,B/C,827,a,.2976726,.2715136,"","",https://morningconsult.com/wp-content/uploads/2020/03/2003102_crosstabs_CORONAVIRUS_CONTENT_Adults_v2_JB.pdf,22,69,19.49088,73.58694,14:11:26  1 Apr 2020
Trump,4/1/2020,D,3/25/2020,3/30/2020,Global Strategy Group/GBA Strategies,"",71.19,rv,.0581754,.0534823,"",T,https://navigatorresearch.org/wp-content/uploads/2020/03/Navigator-Daily-Tracker-Topline-F03.30.20.pdf,19,79,19.88757,78.21515,14:11:26  1 Apr 2020
Trump,4/1/2020,D,3/28/2020,3/30/2020,Civiqs,"",496.65,a,.6117474,.5879918,"","",https://civiqs.com/documents/Civiqs_DailyKos_monthly_banner_book_2020_03B_x2nf9sb.pdf,8,87,11.18939,84.29029,14:11:26  1 Apr 2020
Trump,4/1/2020,D,3/26/2020,3/31/2020,Global Strategy Group/GBA Strategies,"",427.14,rv,.3521615,.3379598,"",T,https://navigatorresearch.org/wp-content/uploads/2020/04/Navigator-Daily-Tracker-Topline-F03.31.20.pdf,18,78,18.88757,77.21515,14:11:26  1 Apr 2020
Trump,4/1/2020,D,3/27/2020,3/30/2020,Selzer & Co.,A+,396,a,.8883732,.8538755,"","",https://www.grinnell.edu/sites/default/files/docs/2020-03/GCNP%20April%202020%20Toplines%20and%20Methodology.pdf,24,72,23.21097,72.99808,14:11:26  1 Apr 2020
Trump,4/1/2020,D,3/29/2020,3/31/2020,YouGov,B-,540,a,.3449267,.3449267,"","",https://docs.cdn.yougov.com/p8nwhxp50n/econTabReport.pdf,22,72,22.98075,72.42955,14:11:26  1 Apr 2020
Trump,4/1/2020,I,2/2/2020,2/4/2020,YouGov,B-,599,a,.5332451,0,"","",https://d25d2506sfb94s.cloudfront.net/cumulus_uploads/document/73jqd6u5mv/econTabReport.pdf,39,25,40.85176,27.80149,14:11:27  1 Apr 2020
Trump,4/1/2020,I,2/7/2020,2/9/2020,Morning Consult,B/C,700,a,.5733461,0,"","",https://morningconsult.com/wp-content/uploads/2020/02/200214_crosstabs_CORONAVIRUS_Adults_v4_JB.pdf,50,22,49.21737,25.55998,14:11:27  1 Apr 2020
Trump,4/1/2020,I,2/9/2020,2/11/2020,YouGov,B-,607,a,.4519577,0,"","",https://d25d2506sfb94s.cloudfront.net/cumulus_uploads/document/79zfxkws33/econTabReport.pdf,33,25,34.85176,27.80149,14:11:27  1 Apr 2020
Trump,4/1/2020,I,2/16/2020,2/18/2020,YouGov,B-,583,a,.366127,.0074057,"","",https://d25d2506sfb94s.cloudfront.net/cumulus_uploads/document/m3wzkd0n59/econTabReport.pdf,36,25,37.85176,27.80149,14:11:27  1 Apr 2020
Trump,4/1/2020,I,2/23/2020,2/25/2020,YouGov,B-,588,a,.3284714,.0179564,"","",https://d25d2506sfb94s.cloudfront.net/cumulus_uploads/document/zye3phsf7t/econTabReport.pdf,34,26,35.85176,28.80149,14:11:27  1 Apr 2020
Trump,4/1/2020,I,2/24/2020,2/26/2020,Morning Consult,B/C,677,a,.2979356,.0173675,"","",https://morningconsult.com/wp-content/uploads/2020/02/200260_crosstabs_CORONAVIRUS_Adults_v2_JB.pdf,49,24,48.21737,27.55998,14:11:27  1 Apr 2020
Trump,4/1/2020,I,2/26/2020,2/28/2020,Harris Insights & Analytics,C+,735,rv,.6520222,.0519606,"","",https://harvardharrispoll.com/wp-content/uploads/2020/03/HHP_February2020_RegisteredVoters_Crosstabs.pdf,46,54,44.1617,50.60234,14:11:27  1 Apr 2020
Trump,4/1/2020,I,2/26/2020,2/28/2020,YouGov,B-,387,a,.2051049,.0144326,"","",https://projects.fivethirtyeight.com/polls/20200318_National_HPYouGov_coronavirus_2.pdf,38,35,39.85176,37.80149,14:11:27  1 Apr 2020
Trump,4/1/2020,I,2/28/2020,3/1/2020,Morning Consult,B/C,692,a,.2670398,.0244901,"","",https://morningconsult.com/wp-content/uploads/2020/03/200271_crosstabs_CORONAVIRUS_Adults_v2_JB-1.pdf,41,33,40.21737,36.55998,14:11:27  1 Apr 2020
Trump,4/1/2020,I,3/1/2020,3/3/2020,YouGov,B-,618,a,.3087274,.0371712,"","",https://d25d2506sfb94s.cloudfront.net/cumulus_uploads/document/3rdraw493c/econTabReport.pdf,34,41,35.85176,43.80149,14:11:27  1 Apr 2020
Trump,4/1/2020,I,3/2/2020,3/3/2020,Ipsos,B-,102,a,.1583895,.0248098,"","",https://www.ipsos.com/sites/default/files/ct/news/documents/2020-03/topline_reuters_coronavirus_03_03_2020.pdf,23,57,23.696,56.2355,14:11:27  1 Apr 2020
Trump,4/1/2020,I,3/3/2020,3/5/2020,Morning Consult,B/C,545,rv,.1918889,.0296283,"","",https://morningconsult.com/wp-content/uploads/2020/03/200311_crosstabs_CORONAVIRUS_RVs_v3_YW.pdf,40,42,39.21737,45.55998,14:11:27  1 Apr 2020
Trump,4/1/2020,I,3/2/2020,3/8/2020,SurveyMonkey,D-,344,a,.3679875,.0797392,"","",https://www.surveymonkey.com/curiosity/nyt-march-2020-cci/,38,58,38.33864,55.26984,14:11:27  1 Apr 2020
Trump,4/1/2020,I,3/4/2020,3/7/2020,SSRS,A/B,448.07,a,.8126959,.1907309,"","","https://cdn.cnn.com/cnn/2020/images/03/09/rel2b.-.trump,.coronavirus.pdf",37,47,37.67348,46.73053,14:11:27  1 Apr 2020
Trump,4/1/2020,I,3/6/2020,3/8/2020,Global Strategy Group/GBA Strategies,"",240,rv,.3252019,.0731771,"","",https://navigatorresearch.org/wp-content/uploads/2020/03/March-2020-Navigator-Coronavirus-Toplines.pdf,35,46,35.10594,47.17607,14:11:27  1 Apr 2020
Trump,4/1/2020,I,3/5/2020,3/8/2020,Quinnipiac University,B+,315.25,rv,.6220685,.1571894,"","",https://poll.qu.edu/national/release-detail?ReleaseID=3657,37,50,37.63705,49.18589,14:11:27  1 Apr 2020
Trump,4/1/2020,I,3/6/2020,3/9/2020,Morning Consult,B/C,733,a,.2391589,.0527459,"","",https://morningconsult.com/wp-content/uploads/2020/03/200326_crosstabs_CORONAVIRUS_Adults_v4_JB.pdf,36,41,35.21737,44.55998,14:11:27  1 Apr 2020
Trump,4/1/2020,I,3/8/2020,3/9/2020,Harris Insights & Analytics,C+,290,rv,.2321918,.0545649,"","",https://thehill.com/hilltv/what-americas-thinking/487327-poll-trump-sees-high-marks-on-the-economy-low-marks-on-handling,42,58,40.1617,54.60234,14:11:27  1 Apr 2020
Trump,4/1/2020,I,3/8/2020,3/10/2020,YouGov,B-,586,a,.263308,.0609003,"","",https://docs.cdn.yougov.com/vrbl9mmctz/econTabReport.pdf,42,37,43.85176,39.80149,14:11:27  1 Apr 2020
Trump,4/1/2020,I,3/10/2020,3/11/2020,YouGov,B-,659,a,.2866549,.0765382,"","",https://docs.cdn.yougov.com/ap1p15w9nv/20200311_yahoo_coronavirus_crosstabs.pdf,35,44,36.85176,46.80149,14:11:27  1 Apr 2020
Trump,4/1/2020,I,3/10/2020,3/12/2020,YouGov,B-,422,a,.1835635,.0490123,"","",https://big.assets.huffingtonpost.com/athena/files/2020/03/17/5e70fe10c5b63c3b6485b422.pdf,39,37,40.85176,39.80149,14:11:27  1 Apr 2020
Trump,4/1/2020,I,3/10/2020,3/14/2020,Morning Consult,B/C,753,a,.2360358,.0675914,"","",https://morningconsult.com/wp-content/uploads/2020/03/200333_crosstabs_CORONAVIRUS_Adults_v3_JB-2.pdf,34,41,33.21737,44.55998,14:11:27  1 Apr 2020
Trump,4/1/2020,I,3/11/2020,3/13/2020,NBC News/Wall Street Journal,A/B,108,rv,.2368814,.0811754,"","",https://www.documentcloud.org/documents/6810602-200149-NBCWSJ-March-Poll-Final-3-14-20-Release.html,43,52,42.88065,51.46474,14:11:27  1 Apr 2020
Trump,4/1/2020,I,3/11/2020,3/12/2020,Ipsos,B-,201,a,.2583258,.0840697,"","",https://www.ipsos.com/sites/default/files/ct/news/documents/2020-03/topline-abc-news-coronavirus-031320.pdf,38,61,38.696,60.2355,14:11:27  1 Apr 2020
Trump,4/1/2020,I,3/12/2020,3/12/2020,SurveyUSA,A,207,a,.4239666,.1433627,"","",http://www.surveyusa.com/client/PollTrack.aspx?g=41b2a625-ff4d-4ffa-99b2-de9cc09cdd58,46,42,44.99767,43.47383,14:11:27  1 Apr 2020
Trump,4/1/2020,I,3/13/2020,3/14/2020,Marist College,A+,235.2,rv,.5191548,.1965944,"","",http://maristpoll.marist.edu/wp-content/uploads/2020/03/NPR_PBS-NewsHour_Marist-Poll_USA-NOS-and-Tables_2003151338.pdf,40,50,40.51995,49.44435,14:11:27  1 Apr 2020
Trump,4/1/2020,I,3/13/2020,3/15/2020,YouGov,B-,415,a,.1787096,.0568221,"","",https://big.assets.huffingtonpost.com/athena/files/2020/03/17/5e70fe10c5b60fb69ddf0b8d.pdf,40,37,41.85176,39.80149,14:11:27  1 Apr 2020
Trump,4/1/2020,I,3/13/2020,3/16/2020,Morning Consult,B/C,547,rv,.1681366,.0614884,"","",https://morningconsult.com/wp-content/uploads/2020/03/200346_crosstabs_CORONAVIRUS_TREND_RVs_v3_JB-1.pdf,43,43,42.21737,46.55998,14:11:27  1 Apr 2020
Trump,4/1/2020,I,3/14/2020,3/15/2020,Harris Insights & Analytics,C+,509,a,.3723293,.1370946,"","",https://theharrispoll.com/wp-content/uploads/2020/03/Harris-Poll-COVID19-Tabs_Wave-2.pdf,53,47,51.1617,43.60234,14:11:27  1 Apr 2020
Trump,4/1/2020,I,3/15/2020,3/17/2020,YouGov,B-,593,a,.2542427,.1035136,"","",https://docs.cdn.yougov.com/fcdckgt368/econTabReport.pdf,41,45,42.85176,47.80149,14:11:27  1 Apr 2020
Trump,4/1/2020,I,3/16/2020,3/16/2020,Morning Consult,B/C,547,rv,.1686986,.0688885,"","",https://morningconsult.com/wp-content/uploads/2020/03/200346_crosstabs_POLITICO_RVs_v1_AUTO.pdf,35,52,34.21737,55.55998,14:11:27  1 Apr 2020
Trump,4/1/2020,I,3/16/2020,3/17/2020,Ipsos,B-,115,a,.1406294,.0682741,"","",https://fingfx.thomsonreuters.com/gfx/mkt/13/3563/3524/Topline%20Reuters%20Coronavirus%2003%2017%202020.pdf,46,46,46.696,45.2355,14:11:27  1 Apr 2020
Trump,4/1/2020,I,3/13/2020,3/22/2020,Gallup,B,338,a,.6146167,.3282122,"","",https://news.gallup.com/poll/298313/president-trump-job-approval-rating.aspx,60,39,56.62713,40.74248,14:11:27  1 Apr 2020
Trump,4/1/2020,I,3/18/2020,3/19/2020,Emerson College,A-,323,rv,.6692048,.3833497,"","",https://emersonpolling.reportablenews.com/pr/march-national-poll-70-of-americans-worried-about-catching-coronavirus,44.3,45.8,44.42995,46.04896,14:11:27  1 Apr 2020
Trump,4/1/2020,I,3/17/2020,3/20/2020,Morning Consult,B/C,512,rv,.162119,.0868263,"","",https://morningconsult.com/wp-content/uploads/2020/03/200371_crosstabs_CORONAVIRUS_TREND_PARTIALS_RVs_v2_JB.pdf,51,38,50.21737,41.55998,14:11:27  1 Apr 2020
Trump,4/1/2020,I,3/18/2020,3/19/2020,SurveyUSA,A,244,a,.4917675,.2807268,"","",http://www.surveyusa.com/client/PollReport.aspx?g=982bb407-60fd-42bc-ac07-080c7af879b2,48,38,46.99767,39.47383,14:11:27  1 Apr 2020
Trump,4/1/2020,I,3/18/2020,3/19/2020,Ipsos,B-,201,a,.2435662,.1377337,"","",https://www.ipsos.com/sites/default/files/ct/news/documents/2020-03/topline-abc-news-coronavirus-032020.pdf,53,45,53.696,44.2355,14:11:27  1 Apr 2020
Trump,4/1/2020,I,3/18/2020,3/22/2020,Monmouth University,A+,309,a,.7000161,.428183,"","",https://www.monmouth.edu/polling-institute/documents/monmouthpoll_us_032320.pdf/,48,48,47.40976,47.78689,14:11:27  1 Apr 2020
Trump,4/1/2020,I,3/19/2020,3/22/2020,Rasmussen Reports/Pulse Opinion Research,C+,300,lv,.5037116,.3276686,"","",https://www.rasmussenreports.com/platinum/political_tracking_crosstabs/march_2020/crosstabs_trump_response_to_coronavirus_march_19_and_22_2020,34,65,36.37453,61.26315,14:11:27  1 Apr 2020
Trump,4/1/2020,I,3/18/2020,3/24/2020,Ipsos,B-,428,a,.521602,.3361164,"","",https://fingfx.thomsonreuters.com/gfx/mkt/13/3885/3841/Topline%20Reuters%20Coronavirus%2003%2024%202020.pdf,43,43,43.696,42.2355,14:11:27  1 Apr 2020
Trump,4/1/2020,I,3/20/2020,3/22/2020,YouGov,B-,409,a,.1799637,.1120038,"","",https://big.assets.huffingtonpost.com/athena/files/2020/03/24/5e7a4240c5b63c3b6498205f.pdf,40,43,41.85176,45.80149,14:11:27  1 Apr 2020
Trump,4/1/2020,I,3/20/2020,3/22/2020,Morning Consult,B/C,690,a,.2259034,.139865,"","",https://morningconsult.com/wp-content/uploads/2020/03/200383_crosstabs_CORONAVIRUS_CONTENT_Adults_v4_JB.pdf,42,45,41.21737,48.55998,14:11:27  1 Apr 2020
Trump,4/1/2020,I,3/21/2020,3/23/2020,YouGov,B-,706,a,.3136795,.2084518,"","",https://drive.google.com/file/d/1TofJVeuCbZN8cRGBN97kWGqhO6tlQ7VA/view,54,47,55.85176,49.80149,14:11:27  1 Apr 2020
Trump,4/1/2020,I,3/20/2020,3/23/2020,Global Strategy Group/GBA Strategies,"",59.685,rv,.0700879,.0473909,"",T,https://navigatorresearch.org/wp-content/uploads/2020/03/Navigator-Daily-Tracker-Topline-F03.23.20.pdf,45,38,45.10594,39.17607,14:11:27  1 Apr 2020
Trump,4/1/2020,I,3/21/2020,3/24/2020,Global Strategy Group/GBA Strategies,"",58.19,rv,.067843,.0486507,"",T,https://navigatorresearch.org/wp-content/uploads/2020/03/Navigator-Daily-Tracker-Topline-F03.24.20.pdf,48,43,48.10594,44.17607,14:11:27  1 Apr 2020
Trump,4/1/2020,I,3/21/2020,3/24/2020,Fox News/Beacon Research/Shaw & Co. Research,A-,111.21,rv,.245635,.1788648,"","",https://www.scribd.com/document/453417322/Fox-News-Poll-March-21-24-2020,46,47,45.99445,46.98482,14:11:27  1 Apr 2020
Trump,4/1/2020,I,3/22/2020,3/23/2020,Harris Insights & Analytics,C+,291,rv,.2073373,.147754,"","",https://thehill.com/hilltv/what-americas-thinking/489920-poll-trumps-approval-on-coronavirus-drops-after-calls-to-reopen,55,45,53.1617,41.60234,14:11:27  1 Apr 2020
Trump,4/1/2020,I,3/22/2020,3/24/2020,YouGov,B-,593,a,.2692495,.1900399,"","",https://docs.cdn.yougov.com/bfiid7tfh3/econTabReport.pdf,42,45,43.85176,47.80149,14:11:27  1 Apr 2020
Trump,4/1/2020,I,3/22/2020,3/25/2020,ABC News/Washington Post,A+,371.11,a,.8236039,.6317088,"","",https://www.washingtonpost.com/context/washington-post-abc-news-poll-march-22-25-2020/974c3312-5a40-4764-afb1-4bb6b86f1cf4/,49,45,48.34729,45.39935,14:11:27  1 Apr 2020
Trump,4/1/2020,I,3/22/2020,3/25/2020,Global Strategy Group/GBA Strategies,"",57.6725,rv,.0666849,.0505742,"",T,https://navigatorresearch.org/wp-content/uploads/2020/03/Navigator-Daily-Tracker-Topline-F03.25.20.pdf,42,51,42.10594,52.17607,14:11:27  1 Apr 2020
Trump,4/1/2020,I,3/24/2020,3/26/2020,Harris Insights & Analytics,C+,647,rv,.4680104,.372077,*,"",https://harvardharrispoll.com/wp-content/uploads/2020/03/HHP_March2020_RegisteredVoters_Crosstabs.pdf,43.5,56.5,41.6617,53.10234,14:11:27  1 Apr 2020
Trump,4/1/2020,I,3/24/2020,3/26/2020,Morning Consult,B/C,729,a,.2677594,.2103606,"","",https://morningconsult.com/wp-content/uploads/2020/03/200394_crosstabs_CORONAVIRUS_CONTENT_Adults_v4_JB.pdf,47,38,46.21737,41.55998,14:11:27  1 Apr 2020
Trump,4/1/2020,I,3/24/2020,3/25/2020,SurveyUSA,A,242,a,.4927833,.3964567,"","",http://www.surveyusa.com/client/PollReport.aspx?g=a6354d34-2350-49a3-b360-8772ca176a2d,49,46,47.99767,47.47383,14:11:27  1 Apr 2020
Trump,4/1/2020,I,3/23/2020,3/26/2020,Global Strategy Group/GBA Strategies,"",55.275,rv,.0636645,.0508809,"",T,https://navigatorresearch.org/wp-content/uploads/2020/03/Navigator-Daily-Tracker-Topline-F03.26.20.pdf,47,43,47.10594,44.17607,14:11:27  1 Apr 2020
Trump,4/1/2020,I,3/23/2020,3/26/2020,McLaughlin & Associates,C/D,310,lv,.4592735,.3701,"","",https://mclaughlinonline.com/pols/wp-content/uploads/2020/03/National-Monthly-Omnibus-MARCH-PUBLIC.pdf,47,48,46.84349,47.71278,14:11:27  1 Apr 2020
Trump,4/1/2020,I,3/25/2020,3/26/2020,YouGov,B-,659,a,.3301066,.2738465,"","",https://docs.cdn.yougov.com/69501vybsd/20200326_yahoo_coronavirus_crosstabs.pdf,40,44,41.85176,46.80149,14:11:27  1 Apr 2020
Trump,4/1/2020,I,3/24/2020,3/27/2020,Global Strategy Group/GBA Strategies,"",58.765,rv,.0676973,.0568414,"",T,https://navigatorresearch.org/wp-content/uploads/2020/03/Navigator-Daily-Tracker-Topline-F03.27.20.pdf,46,44,46.10594,45.17607,14:11:27  1 Apr 2020
Trump,4/1/2020,I,3/26/2020,3/27/2020,Harris Insights & Analytics,C+,275,rv,.2104888,.1844431,"","",https://thehill.com/hilltv/what-americas-thinking/489920-poll-trumps-approval-on-coronavirus-drops-after-calls-to-reopen,48,52,46.1617,48.60234,14:11:27  1 Apr 2020
Trump,4/1/2020,I,3/25/2020,3/30/2020,Global Strategy Group/GBA Strategies,"",37.29,rv,.0433466,.0398765,"",T,https://navigatorresearch.org/wp-content/uploads/2020/03/Navigator-Daily-Tracker-Topline-F03.30.20.pdf,53,36,53.10594,37.17607,14:11:27  1 Apr 2020
Trump,4/1/2020,I,3/27/2020,3/29/2020,Morning Consult,B/C,679,a,.285262,.2603002,"","",https://morningconsult.com/wp-content/uploads/2020/03/2003102_crosstabs_CORONAVIRUS_CONTENT_Adults_v2_JB.pdf,48,38,47.21737,41.55998,14:11:27  1 Apr 2020
Trump,4/1/2020,I,3/28/2020,3/30/2020,Civiqs,"",602,a,.6752625,.6490405,"","",https://civiqs.com/documents/Civiqs_DailyKos_monthly_banner_book_2020_03B_x2nf9sb.pdf,43,49,43.92903,48.10699,14:11:27  1 Apr 2020
Trump,4/1/2020,I,3/27/2020,3/30/2020,Selzer & Co.,A+,237,a,.5362174,.5153948,"","",https://www.grinnell.edu/sites/default/files/docs/2020-03/GCNP%20April%202020%20Toplines%20and%20Methodology.pdf,42,47,42.82384,46.75567,14:11:27  1 Apr 2020
Trump,4/1/2020,I,3/26/2020,3/31/2020,Global Strategy Group/GBA Strategies,"",223.74,rv,.2619791,.251495,"",T,https://navigatorresearch.org/wp-content/uploads/2020/04/Navigator-Daily-Tracker-Topline-F03.31.20.pdf,51,38,51.10594,39.17607,14:11:27  1 Apr 2020
Trump,4/1/2020,I,3/29/2020,3/31/2020,YouGov,B-,558,a,.3298706,.3298706,"","",https://docs.cdn.yougov.com/p8nwhxp50n/econTabReport.pdf,47,37,48.85176,39.80149,14:11:27  1 Apr 2020
Trump,4/1/2020,R,2/2/2020,2/4/2020,YouGov,B-,376,a,.4310028,0,"","",https://d25d2506sfb94s.cloudfront.net/cumulus_uploads/document/73jqd6u5mv/econTabReport.pdf,75,6,74.92201,7.102625,14:11:28  1 Apr 2020
Trump,4/1/2020,R,2/7/2020,2/9/2020,Morning Consult,B/C,684,a,.5570094,0,"","",https://morningconsult.com/wp-content/uploads/2020/02/200214_crosstabs_CORONAVIRUS_Adults_v4_JB.pdf,88,4,87.3616,5.277525,14:11:28  1 Apr 2020
Trump,4/1/2020,R,2/9/2020,2/11/2020,YouGov,B-,378,a,.3739212,0,"","",https://d25d2506sfb94s.cloudfront.net/cumulus_uploads/document/79zfxkws33/econTabReport.pdf,74,7,73.92201,8.102625,14:11:28  1 Apr 2020
Trump,4/1/2020,R,2/16/2020,2/18/2020,YouGov,B-,381,a,.3263334,.0070073,"","",https://d25d2506sfb94s.cloudfront.net/cumulus_uploads/document/m3wzkd0n59/econTabReport.pdf,78,8,77.92201,9.102625,14:11:28  1 Apr 2020
Trump,4/1/2020,R,2/23/2020,2/25/2020,YouGov,B-,386,a,.3010494,.0173047,"","",https://d25d2506sfb94s.cloudfront.net/cumulus_uploads/document/zye3phsf7t/econTabReport.pdf,77,7,76.92201,8.102625,14:11:28  1 Apr 2020
Trump,4/1/2020,R,2/24/2020,2/26/2020,Morning Consult,B/C,737,a,.3109435,.0180613,"","",https://morningconsult.com/wp-content/uploads/2020/02/200260_crosstabs_CORONAVIRUS_Adults_v2_JB.pdf,84,7,83.3616,8.277526,14:11:28  1 Apr 2020
Trump,4/1/2020,R,2/26/2020,2/28/2020,YouGov,B-,278,a,.2084032,.0152902,"","",https://projects.fivethirtyeight.com/polls/20200318_National_HPYouGov_coronavirus_2.pdf,89,6,88.92201,7.102625,14:11:28  1 Apr 2020
Trump,4/1/2020,R,2/26/2020,2/28/2020,Harris Insights & Analytics,C+,848,rv,.6851684,.0534593,"","",https://harvardharrispoll.com/wp-content/uploads/2020/03/HHP_February2020_RegisteredVoters_Crosstabs.pdf,82,18,82.84045,15.12183,14:11:28  1 Apr 2020
Trump,4/1/2020,R,2/28/2020,3/1/2020,Morning Consult,B/C,694,a,.2573784,.0234369,"","",https://morningconsult.com/wp-content/uploads/2020/03/200271_crosstabs_CORONAVIRUS_Adults_v2_JB-1.pdf,84,7,83.3616,8.277526,14:11:28  1 Apr 2020
Trump,4/1/2020,R,3/1/2020,3/3/2020,YouGov,B-,250,a,.1802422,.0222488,"","",https://d25d2506sfb94s.cloudfront.net/cumulus_uploads/document/3rdraw493c/econTabReport.pdf,85,8,84.92201,9.102625,14:11:28  1 Apr 2020
Trump,4/1/2020,R,3/2/2020,3/3/2020,Ipsos,B-,396,a,.4267375,.0586905,"","",https://www.ipsos.com/sites/default/files/ct/news/documents/2020-03/topline_reuters_coronavirus_03_03_2020.pdf,75,13,76.05801,12.5901,14:11:28  1 Apr 2020
Trump,4/1/2020,R,3/3/2020,3/5/2020,Morning Consult,B/C,675,rv,.2267326,.0349372,"","",https://morningconsult.com/wp-content/uploads/2020/03/200311_crosstabs_CORONAVIRUS_RVs_v3_YW.pdf,79,9,78.3616,10.27753,14:11:28  1 Apr 2020
Trump,4/1/2020,R,3/2/2020,3/8/2020,SurveyMonkey,D-,1128,a,.5447102,.1180333,"","",https://www.surveymonkey.com/curiosity/nyt-march-2020-cci/,86,13,84.80547,12.47499,14:11:28  1 Apr 2020
Trump,4/1/2020,R,3/4/2020,3/7/2020,SSRS,A/B,351.19,a,.6670557,.1565507,"","","https://cdn.cnn.com/cnn/2020/images/03/09/rel2b.-.trump,.coronavirus.pdf",79,11,79.74857,11.08738,14:11:28  1 Apr 2020
Trump,4/1/2020,R,3/6/2020,3/8/2020,Global Strategy Group/GBA Strategies,"",340,rv,.3881639,.0837352,"","",https://navigatorresearch.org/wp-content/uploads/2020/03/March-2020-Navigator-Coronavirus-Toplines.pdf,79,13,79.64835,12.87358,14:11:28  1 Apr 2020
Trump,4/1/2020,R,3/5/2020,3/8/2020,Quinnipiac University,B+,378.3,rv,.7262983,.183527,"","",https://poll.qu.edu/national/release-detail?ReleaseID=3657,87,7,85.98283,8.016654,14:11:28  1 Apr 2020
Trump,4/1/2020,R,3/6/2020,3/9/2020,Morning Consult,B/C,658,a,.2050859,.0451337,"","",https://morningconsult.com/wp-content/uploads/2020/03/200326_crosstabs_CORONAVIRUS_Adults_v4_JB.pdf,81,10,80.3616,11.27753,14:11:28  1 Apr 2020
Trump,4/1/2020,R,3/8/2020,3/9/2020,Harris Insights & Analytics,C+,320,rv,.2299319,.0533734,"","",https://thehill.com/hilltv/what-americas-thinking/487327-poll-trump-sees-high-marks-on-the-economy-low-marks-on-handling,82,18,82.84045,15.12183,14:11:28  1 Apr 2020
Trump,4/1/2020,R,3/8/2020,3/10/2020,YouGov,B-,374,a,.2434149,.0574223,"","",https://docs.cdn.yougov.com/vrbl9mmctz/econTabReport.pdf,82,8,81.92201,9.102625,14:11:28  1 Apr 2020
Trump,4/1/2020,R,3/10/2020,3/11/2020,YouGov,B-,406,a,.2562035,.0696294,"","",https://docs.cdn.yougov.com/ap1p15w9nv/20200311_yahoo_coronavirus_crosstabs.pdf,84,10,83.92201,11.10262,14:11:28  1 Apr 2020
Trump,4/1/2020,R,3/10/2020,3/12/2020,YouGov,B-,241,a,.1520814,.0413317,"","",https://big.assets.huffingtonpost.com/athena/files/2020/03/17/5e70fe10c5b63c3b6485b422.pdf,88,8,87.92201,9.102625,14:11:28  1 Apr 2020
Trump,4/1/2020,R,3/10/2020,3/14/2020,Morning Consult,B/C,693,a,.2065556,.0591716,"","",https://morningconsult.com/wp-content/uploads/2020/03/200333_crosstabs_CORONAVIRUS_Adults_v3_JB-2.pdf,83,11,82.3616,12.27753,14:11:28  1 Apr 2020
Trump,4/1/2020,R,3/12/2020,3/12/2020,SurveyUSA,A,256,a,.5093848,.1715539,"","",http://www.surveyusa.com/client/PollTrack.aspx?g=41b2a625-ff4d-4ffa-99b2-de9cc09cdd58,80,15,79.11488,15.90279,14:11:28  1 Apr 2020
Trump,4/1/2020,R,3/11/2020,3/12/2020,Ipsos,B-,128,a,.102432,.0314906,"","",https://www.ipsos.com/sites/default/files/ct/news/documents/2020-03/topline-abc-news-coronavirus-031320.pdf,86,11,87.05801,10.5901,14:11:28  1 Apr 2020
Trump,4/1/2020,R,3/11/2020,3/13/2020,NBC News/Wall Street Journal,A/B,323,rv,.6526944,.2236676,"","",https://www.documentcloud.org/documents/6810602-200149-NBCWSJ-March-Poll-Final-3-14-20-Release.html,81,14,81.52985,13.52524,14:11:28  1 Apr 2020
Trump,4/1/2020,R,3/13/2020,3/14/2020,Marist College,A+,243.04,rv,.5358022,.2028984,"","",http://maristpoll.marist.edu/wp-content/uploads/2020/03/NPR_PBS-NewsHour_Marist-Poll_USA-NOS-and-Tables_2003151338.pdf,85,11,84.8006,11.16144,14:11:28  1 Apr 2020
Trump,4/1/2020,R,3/13/2020,3/15/2020,YouGov,B-,233,a,.1450446,.0469495,"","",https://big.assets.huffingtonpost.com/athena/files/2020/03/17/5e70fe10c5b60fb69ddf0b8d.pdf,89,6,88.92201,7.102625,14:11:28  1 Apr 2020
Trump,4/1/2020,R,3/13/2020,3/16/2020,Morning Consult,B/C,677,rv,.1963674,.0720682,"","",https://morningconsult.com/wp-content/uploads/2020/03/200346_crosstabs_CORONAVIRUS_TREND_RVs_v3_JB-1.pdf,83,10,82.3616,11.27753,14:11:28  1 Apr 2020
Trump,4/1/2020,R,3/14/2020,3/15/2020,Harris Insights & Analytics,C+,659,a,.4264478,.1565879,"","",https://theharrispoll.com/wp-content/uploads/2020/03/Harris-Poll-COVID19-Tabs_Wave-2.pdf,85,15,85.84045,12.12183,14:11:28  1 Apr 2020
Trump,4/1/2020,R,3/16/2020,3/16/2020,Morning Consult,B/C,677,rv,.1968539,.0806497,"","",https://morningconsult.com/wp-content/uploads/2020/03/200346_crosstabs_POLITICO_RVs_v1_AUTO.pdf,79,14,78.3616,15.27753,14:11:28  1 Apr 2020
Trump,4/1/2020,R,3/15/2020,3/17/2020,YouGov,B-,382,a,.2355962,.0972405,"","",https://docs.cdn.yougov.com/fcdckgt368/econTabReport.pdf,82,13,81.92201,14.10262,14:11:28  1 Apr 2020
Trump,4/1/2020,R,3/16/2020,3/17/2020,Ipsos,B-,387,a,.2744787,.1313788,"","",https://fingfx.thomsonreuters.com/gfx/mkt/13/3563/3524/Topline%20Reuters%20Coronavirus%2003%2017%202020.pdf,82,15,83.05801,14.5901,14:11:28  1 Apr 2020
Trump,4/1/2020,R,3/13/2020,3/22/2020,Gallup,B,318,a,.5854027,.3126116,"","",https://news.gallup.com/poll/298313/president-trump-job-approval-rating.aspx,94,6,92.02895,7.282385,14:11:28  1 Apr 2020
Trump,4/1/2020,R,3/17/2020,3/20/2020,Morning Consult,B/C,614,rv,.1838456,.0985821,"","",https://morningconsult.com/wp-content/uploads/2020/03/200371_crosstabs_CORONAVIRUS_TREND_PARTIALS_RVs_v2_JB.pdf,87,9,86.3616,10.27753,14:11:28  1 Apr 2020
Trump,4/1/2020,R,3/18/2020,3/19/2020,Emerson College,A-,375,rv,.765124,.4382964,"","",https://emersonpolling.reportablenews.com/pr/march-national-poll-70-of-americans-worried-about-catching-coronavirus,83.5,9.2,83.82137,9.854203,14:11:28  1 Apr 2020
Trump,4/1/2020,R,3/18/2020,3/19/2020,Ipsos,B-,152,a,.1053012,.059089,"","",https://www.ipsos.com/sites/default/files/ct/news/documents/2020-03/topline-abc-news-coronavirus-032020.pdf,92,8,93.05801,7.590098,14:11:28  1 Apr 2020
Trump,4/1/2020,R,3/18/2020,3/19/2020,SurveyUSA,A,307,a,.5978428,.3409659,"","",http://www.surveyusa.com/client/PollReport.aspx?g=982bb407-60fd-42bc-ac07-080c7af879b2,90,6,89.11488,6.902793,14:11:28  1 Apr 2020
Trump,4/1/2020,R,3/18/2020,3/22/2020,Monmouth University,A+,244,a,.5540992,.3389292,"","",https://www.monmouth.edu/polling-institute/documents/monmouthpoll_us_032320.pdf/,89,7,88.2585,7.966015,14:11:28  1 Apr 2020
Trump,4/1/2020,R,3/20/2020,3/22/2020,Morning Consult,B/C,709,a,.2203906,.1364909,"","",https://morningconsult.com/wp-content/uploads/2020/03/200383_crosstabs_CORONAVIRUS_CONTENT_Adults_v4_JB.pdf,85,7,84.3616,8.277526,14:11:28  1 Apr 2020
Trump,4/1/2020,R,3/18/2020,3/24/2020,Ipsos,B-,1680,a,1.139742,.7331822,"","",https://fingfx.thomsonreuters.com/gfx/mkt/13/3885/3841/Topline%20Reuters%20Coronavirus%2003%2024%202020.pdf,83,13,84.05801,12.5901,14:11:28  1 Apr 2020
Trump,4/1/2020,R,3/19/2020,3/22/2020,Rasmussen Reports/Pulse Opinion Research,C+,330,lv,.5396559,.3510507,"","",https://www.rasmussenreports.com/platinum/political_tracking_crosstabs/march_2020/crosstabs_trump_response_to_coronavirus_march_19_and_22_2020,77,22,78.76991,19.88618,14:11:28  1 Apr 2020
Trump,4/1/2020,R,3/20/2020,3/22/2020,YouGov,B-,250,a,.1563694,.0979656,"","",https://big.assets.huffingtonpost.com/athena/files/2020/03/24/5e7a4240c5b63c3b6498205f.pdf,85,11,84.92201,12.10262,14:11:28  1 Apr 2020
Trump,4/1/2020,R,3/20/2020,3/23/2020,Global Strategy Group/GBA Strategies,"",90.825,rv,.0841608,.0566985,"",T,https://navigatorresearch.org/wp-content/uploads/2020/03/Navigator-Daily-Tracker-Topline-F03.23.20.pdf,89,7,89.64835,6.873578,14:11:28  1 Apr 2020
Trump,4/1/2020,R,3/21/2020,3/23/2020,YouGov,B-,507,a,.3193274,.2134071,"","",https://drive.google.com/file/d/1TofJVeuCbZN8cRGBN97kWGqhO6tlQ7VA/view,91,9,90.92201,10.10262,14:11:28  1 Apr 2020
Trump,4/1/2020,R,3/19/2020,3/24/2020,Pew Research Center,B/C,4738,a,2.319344,1.598818,"","",https://www.people-press.org/wp-content/uploads/sites/4/2020/03/PP_2020.03.26_Coronavirus-Impact_FINAL.pdf,83,17,83.88792,15.20371,14:11:28  1 Apr 2020
Trump,4/1/2020,R,3/22/2020,3/24/2020,YouGov,B-,399,a,.2560453,.1815936,"","",https://docs.cdn.yougov.com/bfiid7tfh3/econTabReport.pdf,89,7,88.92201,8.102625,14:11:28  1 Apr 2020
Trump,4/1/2020,R,3/21/2020,3/24/2020,Fox News/Beacon Research/Shaw & Co. Research,A-,404.4,rv,.8154189,.5937662,"","",https://www.scribd.com/document/453417322/Fox-News-Poll-March-21-24-2020,86,13,85.8779,12.83663,14:11:28  1 Apr 2020
Trump,4/1/2020,R,3/21/2020,3/24/2020,Global Strategy Group/GBA Strategies,"",88.55,rv,.0811859,.058063,"",T,https://navigatorresearch.org/wp-content/uploads/2020/03/Navigator-Daily-Tracker-Topline-F03.24.20.pdf,88,8,88.64835,7.873578,14:11:28  1 Apr 2020
Trump,4/1/2020,R,3/22/2020,3/23/2020,Harris Insights & Analytics,C+,321,rv,.2034358,.1448261,"","",https://thehill.com/hilltv/what-americas-thinking/489920-poll-trumps-approval-on-coronavirus-drops-after-calls-to-reopen,86,14,86.84045,11.12183,14:11:28  1 Apr 2020
Trump,4/1/2020,R,3/22/2020,3/25/2020,Global Strategy Group/GBA Strategies,"",87.7625,rv,.079541,.0602125,"",T,https://navigatorresearch.org/wp-content/uploads/2020/03/Navigator-Daily-Tracker-Topline-F03.25.20.pdf,84,11,84.64835,10.87358,14:11:28  1 Apr 2020
Trump,4/1/2020,R,3/22/2020,3/25/2020,ABC News/Washington Post,A+,240.72,a,.540225,.4143556,"","",https://www.washingtonpost.com/context/washington-post-abc-news-poll-march-22-25-2020/974c3312-5a40-4764-afb1-4bb6b86f1cf4/,86,12,85.92706,12.0596,14:11:28  1 Apr 2020
Trump,4/1/2020,R,3/23/2020,3/26/2020,McLaughlin & Associates,C/D,330,lv,.4780019,.3851921,"","",https://mclaughlinonline.com/pols/wp-content/uploads/2020/03/National-Monthly-Omnibus-MARCH-PUBLIC.pdf,88,11,87.50831,11.28697,14:11:28  1 Apr 2020
Trump,4/1/2020,R,3/24/2020,3/26/2020,Morning Consult,B/C,689,a,.242119,.1901571,"","",https://morningconsult.com/wp-content/uploads/2020/03/200394_crosstabs_CORONAVIRUS_CONTENT_Adults_v4_JB.pdf,85,11,84.3616,12.27753,14:11:28  1 Apr 2020
Trump,4/1/2020,R,3/24/2020,3/25/2020,SurveyUSA,A,333,a,.6556332,.5272972,"","",http://www.surveyusa.com/client/PollReport.aspx?g=a6354d34-2350-49a3-b360-8772ca176a2d,91,8,90.11488,8.902793,14:11:28  1 Apr 2020
Trump,4/1/2020,R,3/24/2020,3/26/2020,Harris Insights & Analytics,C+,782,rv,.503671,.4001517,*,"",https://harvardharrispoll.com/wp-content/uploads/2020/03/HHP_March2020_RegisteredVoters_Crosstabs.pdf,80.5,19.5,81.34045,16.62183,14:11:28  1 Apr 2020
Trump,4/1/2020,R,3/23/2020,3/26/2020,Global Strategy Group/GBA Strategies,"",90.45,rv,.0814744,.0650311,"",T,https://navigatorresearch.org/wp-content/uploads/2020/03/Navigator-Daily-Tracker-Topline-F03.26.20.pdf,87,11,87.64835,10.87358,14:11:28  1 Apr 2020
Trump,4/1/2020,R,3/25/2020,3/26/2020,YouGov,B-,355,a,.2482324,.2064978,"","",https://docs.cdn.yougov.com/69501vybsd/20200326_yahoo_coronavirus_crosstabs.pdf,84,13,83.92201,14.10262,14:11:28  1 Apr 2020
Trump,4/1/2020,R,3/24/2020,3/27/2020,Global Strategy Group/GBA Strategies,"",89.425,rv,.0804843,.0675173,"",T,https://navigatorresearch.org/wp-content/uploads/2020/03/Navigator-Daily-Tracker-Topline-F03.27.20.pdf,85,13,85.64835,12.87358,14:11:28  1 Apr 2020
Trump,4/1/2020,R,3/26/2020,3/27/2020,Harris Insights & Analytics,C+,303,rv,.2076035,.181814,"","",https://thehill.com/hilltv/what-americas-thinking/489920-poll-trumps-approval-on-coronavirus-drops-after-calls-to-reopen,76,24,76.84045,21.12183,14:11:28  1 Apr 2020
Trump,4/1/2020,R,3/25/2020,3/30/2020,Global Strategy Group/GBA Strategies,"",61.02,rv,.0553993,.0509454,"",T,https://navigatorresearch.org/wp-content/uploads/2020/03/Navigator-Daily-Tracker-Topline-F03.30.20.pdf,85,14,85.64835,13.87358,14:11:28  1 Apr 2020
Trump,4/1/2020,R,3/27/2020,3/29/2020,Morning Consult,B/C,694,a,.2803671,.255772,"","",https://morningconsult.com/wp-content/uploads/2020/03/2003102_crosstabs_CORONAVIRUS_CONTENT_Adults_v2_JB.pdf,85,11,84.3616,12.27753,14:11:28  1 Apr 2020
Trump,4/1/2020,R,3/27/2020,3/30/2020,Selzer & Co.,A+,333,a,.7495553,.7204483,"","",https://www.grinnell.edu/sites/default/files/docs/2020-03/GCNP%20April%202020%20Toplines%20and%20Methodology.pdf,86,10,86.04425,10.44373,14:11:28  1 Apr 2020
Trump,4/1/2020,R,3/28/2020,3/30/2020,Civiqs,"",406.35,a,.5464757,.5252547,"","",https://civiqs.com/documents/Civiqs_DailyKos_monthly_banner_book_2020_03B_x2nf9sb.pdf,89,7,88.34194,8.186685,14:11:28  1 Apr 2020
Trump,4/1/2020,R,3/26/2020,3/31/2020,Global Strategy Group/GBA Strategies,"",366.12,rv,.335041,.3215759,"",T,https://navigatorresearch.org/wp-content/uploads/2020/04/Navigator-Daily-Tracker-Topline-F03.31.20.pdf,83,14,83.64835,13.87358,14:11:28  1 Apr 2020
Trump,4/1/2020,R,3/29/2020,3/31/2020,YouGov,B-,399,a,.3192843,.3192843,"","",https://docs.cdn.yougov.com/p8nwhxp50n/econTabReport.pdf,89,10,88.92201,11.10262,14:11:28  1 Apr 2020
Trump,4/1/2020,all,2/2/2020,2/4/2020,YouGov,B-,1500,a,.7080148,0,"","",https://d25d2506sfb94s.cloudfront.net/cumulus_uploads/document/73jqd6u5mv/econTabReport.pdf,41,30,43.08269,31.41722,14:11:29  1 Apr 2020
Trump,4/1/2020,all,2/7/2020,2/9/2020,Morning Consult,B/C,2200,a,.7871881,0,"","",https://morningconsult.com/wp-content/uploads/2020/02/200214_crosstabs_CORONAVIRUS_Adults_v4_JB.pdf,57,22,54.99294,26.17846,14:11:29  1 Apr 2020
Trump,4/1/2020,all,2/9/2020,2/11/2020,YouGov,B-,1500,a,.5624948,0,"","",https://d25d2506sfb94s.cloudfront.net/cumulus_uploads/document/79zfxkws33/econTabReport.pdf,39,29,41.08269,30.41722,14:11:29  1 Apr 2020
Trump,4/1/2020,all,2/16/2020,2/18/2020,YouGov,B-,1500,a,.4546001,.0063911,"","",https://d25d2506sfb94s.cloudfront.net/cumulus_uploads/document/m3wzkd0n59/econTabReport.pdf,39,32,41.08269,33.41721,14:11:29  1 Apr 2020
Trump,4/1/2020,all,2/23/2020,2/25/2020,YouGov,B-,1500,a,.396104,.0182773,"","",https://d25d2506sfb94s.cloudfront.net/cumulus_uploads/document/zye3phsf7t/econTabReport.pdf,39,31,41.08269,32.41721,14:11:29  1 Apr 2020
Trump,4/1/2020,all,2/24/2020,2/26/2020,Morning Consult,B/C,2200,a,.3496334,.0174311,"","",https://morningconsult.com/wp-content/uploads/2020/02/200260_crosstabs_CORONAVIRUS_Adults_v2_JB.pdf,54,27,51.99294,31.17846,14:11:29  1 Apr 2020
Trump,4/1/2020,all,2/26/2020,2/28/2020,YouGov,B-,1000,a,.2483938,.0151184,"","",https://projects.fivethirtyeight.com/polls/20200318_National_HPYouGov_coronavirus_2.pdf,45,38,47.08269,39.41721,14:11:29  1 Apr 2020
Trump,4/1/2020,all,2/26/2020,2/28/2020,Harris Insights & Analytics,C+,2592,rv,.8129717,.0465757,"","",https://harvardharrispoll.com/wp-content/uploads/2020/03/HHP_February2020_RegisteredVoters_Crosstabs.pdf,48,52,45.99403,49.86555,14:11:29  1 Apr 2020
Trump,4/1/2020,all,2/28/2020,3/1/2020,Morning Consult,B/C,2201,a,.2999091,.02189,"","",https://morningconsult.com/wp-content/uploads/2020/03/200271_crosstabs_CORONAVIRUS_Adults_v2_JB-1.pdf,48,35,45.99294,39.17846,14:11:29  1 Apr 2020
Trump,4/1/2020,all,3/1/2020,3/3/2020,YouGov,B-,1500,a,.348585,.0346181,"","",https://d25d2506sfb94s.cloudfront.net/cumulus_uploads/document/3rdraw493c/econTabReport.pdf,37,47,39.08269,48.41721,14:11:29  1 Apr 2020
Trump,4/1/2020,all,3/2/2020,3/3/2020,Ipsos,B-,1115,a,.5204707,.0562632,"","",https://www.ipsos.com/sites/default/files/ct/news/documents/2020-03/topline_reuters_coronavirus_03_03_2020.pdf,38,47,38.94544,47.25977,14:11:29  1 Apr 2020
Trump,4/1/2020,all,3/3/2020,3/5/2020,Morning Consult,B/C,1990,rv,.2424305,.0326398,"","",https://morningconsult.com/wp-content/uploads/2020/03/200311_crosstabs_CORONAVIRUS_RVs_v3_YW.pdf,44,42,41.99294,46.17846,14:11:29  1 Apr 2020
Trump,4/1/2020,all,3/2/2020,3/8/2020,SurveyMonkey,D-,2593,a,.6183226,.1228551,"","",https://www.surveymonkey.com/curiosity/nyt-march-2020-cci/,47,48,45.83945,47.46449,14:11:29  1 Apr 2020
Trump,4/1/2020,all,3/4/2020,3/7/2020,SSRS,A/B,1211,a,1.62091,.3512351,"","","https://cdn.cnn.com/cnn/2020/images/03/09/rel2b.-.trump,.coronavirus.pdf",41,48,41.93311,47.61788,14:11:29  1 Apr 2020
Trump,4/1/2020,all,3/6/2020,3/8/2020,Global Strategy Group/GBA Strategies,"",1000,rv,.5999113,.1100753,"","",https://navigatorresearch.org/wp-content/uploads/2020/03/March-2020-Navigator-Coronavirus-Toplines.pdf,42,49,42.5826,48.48557,14:11:29  1 Apr 2020
Trump,4/1/2020,all,3/5/2020,3/8/2020,Quinnipiac University,B+,1261,rv,1.756199,.4121609,"","",https://poll.qu.edu/national/release-detail?ReleaseID=3657,43,49,43.35857,48.36467,14:11:29  1 Apr 2020
Trump,4/1/2020,all,3/6/2020,3/9/2020,Morning Consult,B/C,2200,a,.2457322,.0491187,"","",https://morningconsult.com/wp-content/uploads/2020/03/200326_crosstabs_CORONAVIRUS_Adults_v4_JB.pdf,42,43,39.99294,47.17846,14:11:29  1 Apr 2020
Trump,4/1/2020,all,3/8/2020,3/9/2020,Harris Insights & Analytics,C+,1001,rv,.225364,.0446214,"","",https://thehill.com/hilltv/what-americas-thinking/487327-poll-trump-sees-high-marks-on-the-economy-low-marks-on-handling,47,53,44.99403,50.86555,14:11:29  1 Apr 2020
Trump,4/1/2020,all,3/8/2020,3/10/2020,YouGov,B-,1500,a,.3057754,.0633789,"","",https://docs.cdn.yougov.com/vrbl9mmctz/econTabReport.pdf,41,43,43.08269,44.41721,14:11:29  1 Apr 2020
Trump,4/1/2020,all,3/9/2020,3/10/2020,Ipsos,B-,1113,a,.3581985,.0862469,"","",https://www.ipsos.com/en-us/news-polls/reuters-ipsos-data-core-political-2020-03-11,39,49,39.94544,49.25977,14:11:29  1 Apr 2020
Trump,4/1/2020,all,3/9/2020,3/11/2020,Change Research,C,1541,lv,.8750949,.2173091,"","",https://www.cnbc.com/2020/03/15/americans-worry-coronavirus-will-cause-recession-cnbcchange-research-poll.html,42,58,43.63643,54.05664,14:11:29  1 Apr 2020
Trump,4/1/2020,all,3/10/2020,3/11/2020,YouGov,B-,1635,a,.3199129,.0777191,"","",https://docs.cdn.yougov.com/ap1p15w9nv/20200311_yahoo_coronavirus_crosstabs.pdf,41,46,43.08269,47.41721,14:11:29  1 Apr 2020
Trump,4/1/2020,all,3/10/2020,3/12/2020,YouGov,B-,1000,a,.1956654,.0475346,"","",https://big.assets.huffingtonpost.com/athena/files/2020/03/17/5e70fe10c5b63c3b6485b422.pdf,44,43,46.08269,44.41721,14:11:29  1 Apr 2020
Trump,4/1/2020,all,3/11/2020,3/12/2020,Ipsos,B-,502,a,.1519819,.0424284,"","",https://www.ipsos.com/sites/default/files/ct/news/documents/2020-03/topline-abc-news-coronavirus-031320.pdf,43,54,43.94544,54.25977,14:11:29  1 Apr 2020
Trump,4/1/2020,all,3/10/2020,3/14/2020,Morning Consult,B/C,2200,a,.2341827,.0621165,"","",https://morningconsult.com/wp-content/uploads/2020/03/200333_crosstabs_CORONAVIRUS_Adults_v3_JB-2.pdf,43,42,40.99294,46.17846,14:11:29  1 Apr 2020
Trump,4/1/2020,all,3/12/2020,3/12/2020,SurveyUSA,A,850,a,1.311289,.407834,"","",http://www.surveyusa.com/client/PollTrack.aspx?g=41b2a625-ff4d-4ffa-99b2-de9cc09cdd58,46,46,45.07579,47.56491,14:11:29  1 Apr 2020
Trump,4/1/2020,all,3/11/2020,3/13/2020,NBC News/Wall Street Journal,A/B,900,rv,1.501512,.4875177,"","",https://www.documentcloud.org/documents/6810602-200149-NBCWSJ-March-Poll-Final-3-14-20-Release.html,45,51,45.18037,49.93549,14:11:29  1 Apr 2020
Trump,4/1/2020,all,3/13/2020,3/14/2020,Marist College,A+,835,a,1.684856,.6076981,"","",http://maristpoll.marist.edu/wp-content/uploads/2020/03/NPR_PBS-NewsHour_Marist-Poll_USA-NOS-and-Tables_2003151338.pdf,44,49,44.71004,48.50417,14:11:29  1 Apr 2020
Trump,4/1/2020,all,3/13/2020,3/15/2020,YouGov,B-,1000,a,.1923096,.0564801,"","",https://big.assets.huffingtonpost.com/athena/files/2020/03/17/5e70fe10c5b60fb69ddf0b8d.pdf,44,43,46.08269,44.41721,14:11:29  1 Apr 2020
Trump,4/1/2020,all,3/13/2020,3/16/2020,Morning Consult,B/C,1986,rv,.2054479,.0654641,"","",https://morningconsult.com/wp-content/uploads/2020/03/200346_crosstabs_CORONAVIRUS_TREND_RVs_v3_JB-1.pdf,47,43,44.99294,47.17846,14:11:29  1 Apr 2020
Trump,4/1/2020,all,3/14/2020,3/15/2020,Harris Insights & Analytics,C+,2050,a,.3621977,.1170569,"","",https://theharrispoll.com/wp-content/uploads/2020/03/Harris-Poll-COVID19-Tabs_Wave-2.pdf,51,49,48.99403,46.86555,14:11:29  1 Apr 2020
Trump,4/1/2020,all,3/16/2020,3/16/2020,Morning Consult,B/C,1986,rv,.2060422,.0745332,"","",https://morningconsult.com/wp-content/uploads/2020/03/200346_crosstabs_POLITICO_RVs_v1_AUTO.pdf,41,51,38.99294,55.17846,14:11:29  1 Apr 2020
Trump,4/1/2020,all,3/15/2020,3/17/2020,YouGov,B-,1500,a,.2855273,.1020916,"","",https://docs.cdn.yougov.com/fcdckgt368/econTabReport.pdf,45,46,47.08269,47.41721,14:11:29  1 Apr 2020
Trump,4/1/2020,all,3/16/2020,3/17/2020,Ipsos,B-,1115,a,.3011882,.1279519,"","",https://fingfx.thomsonreuters.com/gfx/mkt/13/3563/3524/Topline%20Reuters%20Coronavirus%2003%2017%202020.pdf,47,47,47.94544,47.25977,14:11:29  1 Apr 2020
Trump,4/1/2020,all,3/17/2020,3/18/2020,Harris Insights & Analytics,C+,2019,a,.3356083,.1548706,"","",https://theharrispoll.com/wp-content/uploads/2020/03/j17063-QCovid-PropWtd-Ban12-Sec1-23-Mar-2020.pdf,56,44,53.99403,41.86555,14:11:29  1 Apr 2020
Trump,4/1/2020,all,3/13/2020,3/22/2020,Gallup,B,1020,a,1.309195,.6482854,"","",https://news.gallup.com/poll/298313/president-trump-job-approval-rating.aspx,60,38,56.29918,40.75245,14:11:29  1 Apr 2020
Trump,4/1/2020,all,3/16/2020,3/19/2020,American Research Group,B,1100,a,1.336859,.6619843,"","",https://americanresearchgroup.com/economy/,41,55,43.19418,52.46878,14:11:29  1 Apr 2020
Trump,4/1/2020,all,3/18/2020,3/19/2020,Ipsos,B-,512,a,.1351906,.0688972,"","",https://www.ipsos.com/sites/default/files/ct/news/documents/2020-03/topline-abc-news-coronavirus-032020.pdf,55,43,55.94544,43.25977,14:11:29  1 Apr 2020
Trump,4/1/2020,all,3/17/2020,3/20/2020,Morning Consult,B/C,1851,rv,.1980392,.0969412,"","",https://morningconsult.com/wp-content/uploads/2020/03/200371_crosstabs_CORONAVIRUS_TREND_PARTIALS_RVs_v2_JB.pdf,53,39,50.99294,43.17846,14:11:29  1 Apr 2020
Trump,4/1/2020,all,3/18/2020,3/19/2020,SurveyUSA,A,1000,a,1.466708,.7735916,"","",http://www.surveyusa.com/client/PollReport.aspx?g=982bb407-60fd-42bc-ac07-080c7af879b2,51,40,50.07579,41.56491,14:11:29  1 Apr 2020
Trump,4/1/2020,all,3/18/2020,3/19/2020,Emerson College,A-,1100,rv,1.851708,.9888328,"","",https://emersonpolling.reportablenews.com/pr/march-national-poll-70-of-americans-worried-about-catching-coronavirus,49.1,41.4,48.86404,43.09928,14:11:29  1 Apr 2020
Trump,4/1/2020,all,3/18/2020,3/22/2020,Monmouth University,A+,851,a,1.889888,1.08261,"","",https://www.monmouth.edu/polling-institute/documents/monmouthpoll_us_032320.pdf/,50,45,49.60418,45.52253,14:11:29  1 Apr 2020
Trump,4/1/2020,all,3/19/2020,3/22/2020,Rasmussen Reports/Pulse Opinion Research,C+,1000,lv,1.03403,.6324915,"","",https://www.rasmussenreports.com/platinum/political_tracking_crosstabs/march_2020/crosstabs_trump_response_to_coronavirus_march_19_and_22_2020,45,54,46.21304,51.76455,14:11:29  1 Apr 2020
Trump,4/1/2020,all,3/20/2020,3/22/2020,YouGov,B-,1000,a,.1938282,.1118375,"","",https://big.assets.huffingtonpost.com/athena/files/2020/03/24/5e7a4240c5b63c3b6498205f.pdf,49,42,51.08269,43.41721,14:11:29  1 Apr 2020
Trump,4/1/2020,all,3/18/2020,3/24/2020,Ipsos,B-,4428,a,1.147323,.6815304,"","",https://fingfx.thomsonreuters.com/gfx/mkt/13/3885/3841/Topline%20Reuters%20Coronavirus%2003%2024%202020.pdf,49,44,49.94544,44.25977,14:11:29  1 Apr 2020
Trump,4/1/2020,all,3/20/2020,3/22/2020,Morning Consult,B/C,2200,a,.2450673,.1404362,"","",https://morningconsult.com/wp-content/uploads/2020/03/200383_crosstabs_CORONAVIRUS_CONTENT_Adults_v4_JB.pdf,49,40,46.99294,44.17846,14:11:29  1 Apr 2020
Trump,4/1/2020,all,3/21/2020,3/22/2020,Harris Insights & Analytics,C+,2023,a,.3338493,.2105734,"","",https://theharrispoll.com/wp-content/uploads/2020/03/COVID-19-Tracker_Wave-2-4_tabs.pdf,55,45,52.99403,42.86555,14:11:29  1 Apr 2020
Trump,4/1/2020,all,3/20/2020,3/23/2020,Global Strategy Group/GBA Strategies,"",259.5,rv,.115698,.0724073,"",T,https://navigatorresearch.org/wp-content/uploads/2020/03/Navigator-Daily-Tracker-Topline-F03.23.20.pdf,52,42,52.5826,41.48557,14:11:29  1 Apr 2020
Trump,4/1/2020,all,3/20/2020,3/24/2020,Echelon Insights,"",1000,rv,.6275422,.4067684,"","",http://echeloninsights.com/wp-content/uploads/Omnibus_March-2020_COVID.pdf,52,44,50.91713,45.24216,14:11:29  1 Apr 2020
Trump,4/1/2020,all,3/21/2020,3/23/2020,YouGov,B-,2190,a,.4281579,.2653378,"","",https://drive.google.com/file/d/1TofJVeuCbZN8cRGBN97kWGqhO6tlQ7VA/view,53,47,55.08269,48.41721,14:11:29  1 Apr 2020
Trump,4/1/2020,all,3/19/2020,3/24/2020,Pew Research Center,B/C,11537,a,2.653356,1.72603,"","",https://www.people-press.org/wp-content/uploads/sites/4/2020/03/PP_2020.03.26_Coronavirus-Impact_FINAL.pdf,48,51,48.48862,49.27037,14:11:29  1 Apr 2020
Trump,4/1/2020,all,3/21/2020,3/24/2020,Fox News/Beacon Research/Shaw & Co. Research,A-,1011,rv,1.727279,1.190684,"","",https://www.scribd.com/document/453417322/Fox-News-Poll-March-21-24-2020,51,46,50.52513,46.18771,14:11:29  1 Apr 2020
Trump,4/1/2020,all,3/22/2020,3/24/2020,YouGov,B-,1500,a,.3007653,.1988027,"","",https://docs.cdn.yougov.com/bfiid7tfh3/econTabReport.pdf,49,44,51.08269,45.41721,14:11:29  1 Apr 2020
Trump,4/1/2020,all,3/22/2020,3/23/2020,Harris Insights & Analytics,C+,1002,rv,.1678485,.1126732,"","",https://thehill.com/hilltv/what-americas-thinking/489920-poll-trumps-approval-on-coronavirus-drops-after-calls-to-reopen,56,44,53.99403,41.86555,14:11:29  1 Apr 2020
Trump,4/1/2020,all,3/21/2020,3/24/2020,Global Strategy Group/GBA Strategies,"",253,rv,.1112065,.0743468,"",T,https://navigatorresearch.org/wp-content/uploads/2020/03/Navigator-Daily-Tracker-Topline-F03.24.20.pdf,52,43,52.5826,42.48557,14:11:29  1 Apr 2020
Trump,4/1/2020,all,3/22/2020,3/25/2020,Global Strategy Group/GBA Strategies,"",250.75,rv,.1084443,.0771995,"",T,https://navigatorresearch.org/wp-content/uploads/2020/03/Navigator-Daily-Tracker-Topline-F03.25.20.pdf,48,48,48.5826,47.48557,14:11:29  1 Apr 2020
Trump,4/1/2020,all,3/22/2020,3/25/2020,ABC News/Washington Post,A+,1003,a,2.112348,1.538155,"","",https://www.washingtonpost.com/context/washington-post-abc-news-poll-march-22-25-2020/974c3312-5a40-4764-afb1-4bb6b86f1cf4/,51,45,50.58079,45.4824,14:11:29  1 Apr 2020
Trump,4/1/2020,all,3/24/2020,3/25/2020,SurveyUSA,A,1000,a,1.513737,1.153664,"","",http://www.surveyusa.com/client/PollReport.aspx?g=a6354d34-2350-49a3-b360-8772ca176a2d,53,44,52.07579,45.56491,14:11:29  1 Apr 2020
Trump,4/1/2020,all,3/24/2020,3/25/2020,Echelon Insights,"",601,a,.3858185,.294906,"","",https://twitter.com/EchelonInsights/status/1243156456159010817,53,42,51.91713,43.24216,14:11:29  1 Apr 2020
Trump,4/1/2020,all,3/24/2020,3/26/2020,Harris Insights & Analytics,C+,2410,rv,.4236601,.3184476,*,"",https://harvardharrispoll.com/wp-content/uploads/2020/03/HHP_March2020_RegisteredVoters_Crosstabs.pdf,47,53,44.99403,50.86555,14:11:29  1 Apr 2020
Trump,4/1/2020,all,3/23/2020,3/26/2020,McLaughlin & Associates,C/D,1000,lv,.8291193,.6359392,"","",https://mclaughlinonline.com/pols/wp-content/uploads/2020/03/National-Monthly-Omnibus-MARCH-PUBLIC.pdf,53,45,52.00714,45.47551,14:11:29  1 Apr 2020
Trump,4/1/2020,all,3/23/2020,3/26/2020,Global Strategy Group/GBA Strategies,"",251.25,rv,.1077503,.0812646,"",T,https://navigatorresearch.org/wp-content/uploads/2020/03/Navigator-Daily-Tracker-Topline-F03.26.20.pdf,49,49,49.5826,48.48557,14:11:29  1 Apr 2020
Trump,4/1/2020,all,3/24/2020,3/26/2020,Zogby Interactive/JZ Analytics,C,889,lv,.9155299,.7022166,"","",https://zogbyanalytics.com/news/927-the-zogby-poll-voters-give-a-slight-edge-to-trump-versus-biden-in-who-is-better-equipped-to-handle-pandemic-cuomo-is-the-highest-rated-politician-at-handling-the-coronavirus-crisis-trump-rated-higher-than-sanders-and-biden-for-his-response-to-the-pandemic,49,51,49.22894,49.67014,14:11:29  1 Apr 2020
Trump,4/1/2020,all,3/24/2020,3/26/2020,Morning Consult,B/C,2200,a,.2807093,.2075697,"","",https://morningconsult.com/wp-content/uploads/2020/03/200394_crosstabs_CORONAVIRUS_CONTENT_Adults_v4_JB.pdf,50,41,47.99294,45.17846,14:11:29  1 Apr 2020
Trump,4/1/2020,all,3/24/2020,3/27/2020,Global Strategy Group/GBA Strategies,"",255.5,rv,.109457,.0871018,"",T,https://navigatorresearch.org/wp-content/uploads/2020/03/Navigator-Daily-Tracker-Topline-F03.27.20.pdf,47,50,47.5826,49.48557,14:11:29  1 Apr 2020
Trump,4/1/2020,all,3/25/2020,3/26/2020,YouGov,B-,1579,a,.3552947,.278706,"","",https://docs.cdn.yougov.com/69501vybsd/20200326_yahoo_coronavirus_crosstabs.pdf,43,49,45.08269,50.41721,14:11:29  1 Apr 2020
Trump,4/1/2020,all,3/26/2020,3/27/2020,Harris Insights & Analytics,C+,948,rv,.1827183,.1519755,"","",https://thehill.com/hilltv/what-americas-thinking/489920-poll-trumps-approval-on-coronavirus-drops-after-calls-to-reopen,50,50,47.99403,47.86555,14:11:29  1 Apr 2020
Trump,4/1/2020,all,3/26/2020,3/28/2020,Change Research,C,1845,lv,.969527,.8094399,"","",https://www.changeresearch.com/post/national-poll-on-coronavirus,45,55,46.63643,51.05664,14:11:29  1 Apr 2020
Trump,4/1/2020,all,3/27/2020,3/29/2020,Morning Consult,B/C,2200,a,.3294268,.2853943,"","",https://morningconsult.com/wp-content/uploads/2020/03/2003102_crosstabs_CORONAVIRUS_CONTENT_Adults_v2_JB.pdf,49,41,46.99294,45.17846,14:11:29  1 Apr 2020
Trump,4/1/2020,all,3/25/2020,3/30/2020,Global Strategy Group/GBA Strategies,"",169.5,rv,.0735296,.0645419,"",T,https://navigatorresearch.org/wp-content/uploads/2020/03/Navigator-Daily-Tracker-Topline-F03.30.20.pdf,49,48,49.5826,47.48557,14:11:29  1 Apr 2020
Trump,4/1/2020,all,3/27/2020,3/30/2020,Selzer & Co.,A+,1009,a,2.192013,2.021771,"","",https://www.grinnell.edu/sites/default/files/docs/2020-03/GCNP%20April%202020%20Toplines%20and%20Methodology.pdf,50,43,49.94197,44.05042,14:11:29  1 Apr 2020
Trump,4/1/2020,all,3/26/2020,3/31/2020,Global Strategy Group/GBA Strategies,"",1017,rv,.446149,.4097996,"",T,https://navigatorresearch.org/wp-content/uploads/2020/04/Navigator-Daily-Tracker-Topline-F03.31.20.pdf,48,48,48.5826,47.48557,14:11:29  1 Apr 2020
Trump,4/1/2020,all,3/28/2020,3/30/2020,Civiqs,"",1505,a,.9560273,.8817776,"","",https://civiqs.com/documents/Civiqs_DailyKos_monthly_banner_book_2020_03B_x2nf9sb.pdf,44,51,45.93457,49.47346,14:11:29  1 Apr 2020
Trump,4/1/2020,all,3/29/2020,3/31/2020,YouGov,B-,1500,a,.4114068,.3931494,"","",https://docs.cdn.yougov.com/p8nwhxp50n/econTabReport.pdf,50,42,52.08269,43.41721,14:11:29  1 Apr 2020
Trump,4/1/2020,all,3/30/2020,3/31/2020,Ipsos,B-,1114,a,.440134,.440134,"","",https://www.reuters.com/article/us-usa-election-poll/with-2020-race-all-but-halted-over-coronavirus-biden-quietly-widens-lead-over-trump-reuters-ipsos-poll-idUSKBN21I3K6,48,46,48.94544,46.25977,14:11:29  1 Apr 2020
Trump,4/1/2020,D,2/2/2020,2/4/2020,YouGov,B-,523,a,.5035683,0,"","",https://d25d2506sfb94s.cloudfront.net/cumulus_uploads/document/73jqd6u5mv/econTabReport.pdf,21,51,21.98075,51.42955,14:11:26  1 Apr 2020
