subject,modeldate,party,startdate,enddate,pollster,grade,samplesize,population,weight,influence,multiversions,tracking,url,very,somewhat,not_very,not_at_all,very_adjusted,somewhat_adjusted,not_very_adjusted,not_at_all_adjusted,timestamp
concern-infected,4/1/2020,all,3/29/2020,3/31/2020,YouGov,B-,1500,a,.5059996,.5059996,"","",https://docs.cdn.yougov.com/p8nwhxp50n/econTabReport.pdf,24,41,26,8,27.26082,39.70781,24.35333,8.306102,14:11:30  1 Apr 2020
concern-economy,4/1/2020,D,1/27/2020,1/29/2020,Morning Consult,B/C,809,a,.437672,0,"","",https://morningconsult.com/wp-content/uploads/2020/02/200167_crosstabs_CORONAVIRUS_Adults_v2_JB-1.pdf,22,34,21,11,20.62383,36.03549,21.91451,12.40195,14:11:26  1 Apr 2020
concern-economy,4/1/2020,D,1/31/2020,2/2/2020,Morning Consult,B/C,806,a,.4001596,0,"","",https://morningconsult.com/wp-content/uploads/2020/02/200191_crosstabs_CORONAVIRUS_Adults_v2_JB-1.pdf,29,31,25,5,27.62383,33.03549,25.91451,6.401955,14:11:26  1 Apr 2020
concern-economy,4/1/2020,D,2/7/2020,2/9/2020,Morning Consult,B/C,817,a,.3751088,0,"","",https://morningconsult.com/wp-content/uploads/2020/02/200214_crosstabs_CORONAVIRUS_Adults_v4_JB.pdf,25,34,22,8,23.62383,36.03549,22.91451,9.401955,14:11:26  1 Apr 2020
concern-economy,4/1/2020,D,2/13/2020,2/18/2020,Kaiser Family Foundation,"",383,a,.7648879,.0277133,"","",http://files.kff.org/attachment/Topline-KFF-Health-Tracking-Poll-February-2020,21,41,24,13,22.31434,40.61675,23.29644,12.31749,14:11:26  1 Apr 2020
concern-economy,4/1/2020,D,2/24/2020,2/26/2020,Morning Consult,B/C,786,a,.2566656,.0177868,"","",https://morningconsult.com/wp-content/uploads/2020/02/200260_crosstabs_CORONAVIRUS_Adults_v2_JB.pdf,38,34,16,5,36.62383,36.03549,16.91451,6.401955,14:11:26  1 Apr 2020
concern-economy,4/1/2020,D,2/28/2020,3/1/2020,Morning Consult,B/C,814,a,.238538,.0294359,"","",https://morningconsult.com/wp-content/uploads/2020/03/200271_crosstabs_CORONAVIRUS_Adults_v2_JB-1.pdf,46,32,10,3,44.62383,34.03549,10.91451,4.401955,14:11:26  1 Apr 2020
concern-economy,4/1/2020,D,3/2/2020,3/3/2020,Public Policy Polling,B,346.4,rv,.6278631,.1360517,"","",https://www.protectourcare.org/wp-content/uploads/2020/03/Coronavirus-Poll-Memo-And-Results-3-20.pdf,43,42,11,2,42.68536,41.17427,11.3593,2.879618,14:11:26  1 Apr 2020
concern-economy,4/1/2020,D,3/3/2020,3/5/2020,Morning Consult,B/C,769,rv,.2106778,.0394633,"","",https://morningconsult.com/wp-content/uploads/2020/03/200311_crosstabs_CORONAVIRUS_RVs_v3_YW.pdf,46,35,8,4,44.62383,37.03549,8.914511,5.401955,14:11:26  1 Apr 2020
concern-economy,4/1/2020,D,3/2/2020,3/5/2020,SurveyMonkey,D-,1571,a,.2508356,.0527388,"","",https://www.surveymonkey.com/curiosity/wsj-survey-coronavirus/,48,36,12,3,45.10104,37.66991,12.13763,4.188419,14:11:26  1 Apr 2020
concern-economy,4/1/2020,D,3/2/2020,3/8/2020,SurveyMonkey,D-,1053,a,.1650063,.0376604,"","",https://www.surveymonkey.com/curiosity/nyt-march-2020-cci/,44,39,13,3,41.10104,40.66991,13.13763,4.188419,14:11:26  1 Apr 2020
concern-economy,4/1/2020,D,3/6/2020,3/8/2020,Global Strategy Group/GBA Strategies,"",340,rv,.4903242,.1415499,"","",https://navigatorresearch.org/wp-content/uploads/2020/03/March-2020-Navigator-Coronavirus-Toplines.pdf,45,36,12,7,45.10252,36.16471,11.77333,6.7114,14:11:26  1 Apr 2020
concern-economy,4/1/2020,D,3/6/2020,3/9/2020,Morning Consult,B/C,809,a,.2128023,.0536441,"","",https://morningconsult.com/wp-content/uploads/2020/03/200326_crosstabs_CORONAVIRUS_Adults_v4_JB.pdf,42,36,11,3,40.62383,38.03549,11.91451,4.401955,14:11:26  1 Apr 2020
concern-economy,4/1/2020,D,3/9/2020,3/10/2020,SurveyMonkey,D-,900,a,.1415828,.0436529,"","",https://www.surveymonkey.com/curiosity/fortune-poll-coronavirus/,51,34,9,4,48.10104,35.66991,9.137631,5.188419,14:11:26  1 Apr 2020
concern-economy,4/1/2020,D,3/10/2020,3/14/2020,Morning Consult,B/C,754,a,.1911799,.0661903,"","",https://morningconsult.com/wp-content/uploads/2020/03/200333_crosstabs_CORONAVIRUS_Adults_v3_JB-2.pdf,54,29,6,3,52.62383,31.03549,6.914511,4.401955,14:11:26  1 Apr 2020
concern-economy,4/1/2020,D,3/11/2020,3/13/2020,Harris Insights & Analytics,C+,750,a,.5072708,.1940693,"","",https://www.meettally.com/blog/financial-anxiety-coronavirus/,40,43,11,7,42.69193,40.28534,10.7347,7.042209,14:11:26  1 Apr 2020
concern-economy,4/1/2020,D,3/12/2020,3/13/2020,Morning Consult,B/C,860,a,.217124,.0843341,"","",https://morningconsult.com/wp-content/uploads/2020/03/200344_crosstabs_CORONAVIRUS_ADULTS_Adults_v3_JB.pdf,43,35,9,6,41.62383,37.03549,9.914511,7.401955,14:11:26  1 Apr 2020
concern-economy,4/1/2020,D,3/13/2020,3/16/2020,Survey 160,"",208,rv,.3503928,.1790894,"","",https://www.survey160.com/s/US-and-WA-Coronavirus-Survey.pdf,71,18,7,4,68.60439,20.15117,7.030364,4.105798,14:11:26  1 Apr 2020
concern-economy,4/1/2020,D,3/14/2020,3/15/2020,Harris Insights & Analytics,C+,779,a,.50961,.2556798,"","",https://theharrispoll.com/wp-content/uploads/2020/03/Harris-Poll-COVID19-Tabs_Wave-2.pdf,51,38,7,3,53.69193,35.28534,6.734704,3.042209,14:11:26  1 Apr 2020
concern-economy,4/1/2020,D,3/13/2020,3/16/2020,Morning Consult,B/C,761,rv,.1937348,.0912255,"","",https://morningconsult.com/wp-content/uploads/2020/03/200346_crosstabs_CORONAVIRUS_TREND_RVs_v3_JB-1.pdf,61,28,4,1,59.62383,30.03549,4.914511,2.401955,14:11:26  1 Apr 2020
concern-economy,4/1/2020,D,3/16/2020,3/17/2020,SurveyMonkey,D-,1246,a,.2225604,.1224527,"","",https://www.surveymonkey.com/curiosity/fortune-poll-coronavirus-update/,75,19,3,2,72.10104,20.66992,3.137631,3.188419,14:11:26  1 Apr 2020
concern-economy,4/1/2020,D,3/17/2020,3/20/2020,Morning Consult,B/C,725,rv,.1936229,.1225548,"","",https://morningconsult.com/wp-content/uploads/2020/03/200371_crosstabs_CORONAVIRUS_TREND_PARTIALS_RVs_v2_JB.pdf,75,16,3,1,73.62383,18.03549,3.914511,2.401955,14:11:26  1 Apr 2020
concern-economy,4/1/2020,D,3/20/2020,3/22/2020,Morning Consult,B/C,800,a,.2224556,.1587012,"","",https://morningconsult.com/wp-content/uploads/2020/03/200383_crosstabs_CORONAVIRUS_CONTENT_Adults_v4_JB.pdf,76,17,2,1,74.62383,19.03549,2.914511,2.401955,14:11:26  1 Apr 2020
concern-economy,4/1/2020,D,3/21/2020,3/22/2020,Harris Insights & Analytics,C+,699,a,.5016803,.3840741,"","",https://theharrispoll.com/wp-content/uploads/2020/03/COVID-19-Tracker_Wave-2-4_tabs.pdf,67,26,4,3,69.69193,23.28534,3.734704,3.042209,14:11:26  1 Apr 2020
concern-economy,4/1/2020,D,3/23/2020,3/24/2020,SurveyMonkey,D-,661,a,.1671934,.138061,"","",https://www.surveymonkey.com/curiosity/fortune-poll-coronavirus-bailouts/,75,17,6,1,72.10104,18.66992,6.137631,2.188419,14:11:26  1 Apr 2020
concern-economy,4/1/2020,D,3/24/2020,3/26/2020,Morning Consult,B/C,782,a,.2477304,.2168148,"","",https://morningconsult.com/wp-content/uploads/2020/03/200394_crosstabs_CORONAVIRUS_CONTENT_Adults_v4_JB.pdf,76,16,3,1,74.62383,18.03549,3.914511,2.401955,14:11:26  1 Apr 2020
concern-economy,4/1/2020,D,3/27/2020,3/29/2020,Morning Consult,B/C,827,a,.3039101,.3039101,"","",https://morningconsult.com/wp-content/uploads/2020/03/2003102_crosstabs_CORONAVIRUS_CONTENT_Adults_v2_JB.pdf,70,20,2,2,68.62383,22.03549,2.914511,3.401955,14:11:26  1 Apr 2020
concern-infected,4/1/2020,D,2/2/2020,2/4/2020,YouGov,B-,522,a,.44769,0,"","",https://d25d2506sfb94s.cloudfront.net/cumulus_uploads/document/73jqd6u5mv/econTabReport.pdf,16,28,42,14,17.8047,26.07299,40.8208,15.13184,14:11:27  1 Apr 2020
concern-infected,4/1/2020,D,2/7/2020,2/9/2020,YouGov,B-,346,a,.2639779,0,"","",https://projects.fivethirtyeight.com/polls/20200318_National_HPYouGov_coronavirus_1.pdf,13,25,36,19,14.80469,23.07299,34.8208,20.13184,14:11:27  1 Apr 2020
concern-infected,4/1/2020,D,2/9/2020,2/11/2020,YouGov,B-,509,a,.3721616,0,"","",https://d25d2506sfb94s.cloudfront.net/cumulus_uploads/document/79zfxkws33/econTabReport.pdf,14,32,39,16,15.80469,30.07299,37.8208,17.13184,14:11:27  1 Apr 2020
concern-infected,4/1/2020,D,2/13/2020,2/16/2020,AP-NORC,"",506,a,.7526543,.0102399,"","",http://www.apnorc.org/PDFs/Omnibus%202020/February/topline_omni_feb_full_v3.pdf,20,23,37,19,19.32754,23.62226,36.86308,19.15,14:11:27  1 Apr 2020
concern-infected,4/1/2020,D,2/13/2020,2/18/2020,Kaiser Family Foundation,"",383,a,.747476,.0158068,"","",http://files.kff.org/attachment/Topline-KFF-Health-Tracking-Poll-February-2020,24,24,29,23,23.13419,24.3168,30.27429,21.93694,14:11:27  1 Apr 2020
concern-infected,4/1/2020,D,2/16/2020,2/18/2020,YouGov,B-,529,a,.3449724,.0075621,"","",https://d25d2506sfb94s.cloudfront.net/cumulus_uploads/document/m3wzkd0n59/econTabReport.pdf,14,28,42,16,15.80469,26.07299,40.8208,17.13184,14:11:27  1 Apr 2020
concern-infected,4/1/2020,D,2/23/2020,2/25/2020,YouGov,B-,524,a,.3128315,.0187088,"","",https://d25d2506sfb94s.cloudfront.net/cumulus_uploads/document/zye3phsf7t/econTabReport.pdf,13,30,40,17,14.80469,28.07299,38.8208,18.13184,14:11:27  1 Apr 2020
concern-infected,4/1/2020,D,2/26/2020,2/28/2020,YouGov,B-,324,a,.1890464,.0143344,"","",https://projects.fivethirtyeight.com/polls/20200318_National_HPYouGov_coronavirus_2.pdf,21,40,21,10,22.8047,38.07299,19.8208,11.13184,14:11:27  1 Apr 2020
concern-infected,4/1/2020,D,3/1/2020,3/3/2020,YouGov,B-,622,a,.3544738,.04503,"","",https://d25d2506sfb94s.cloudfront.net/cumulus_uploads/document/3rdraw493c/econTabReport.pdf,21,42,30,8,22.8047,40.07299,28.8208,9.131843,14:11:27  1 Apr 2020
concern-infected,4/1/2020,D,3/2/2020,3/3/2020,Public Policy Polling,B,346.4,rv,.6278631,.1134498,"","",https://www.protectourcare.org/wp-content/uploads/2020/03/Coronavirus-Poll-Memo-And-Results-3-20.pdf,29,38,26,5,28.34547,37.6407,25.90409,6.286632,14:11:27  1 Apr 2020
concern-infected,4/1/2020,D,3/6/2020,3/8/2020,Global Strategy Group/GBA Strategies,"",420,rv,.4342144,.0925443,"","",https://navigatorresearch.org/wp-content/uploads/2020/03/March-2020-Navigator-Coronavirus-Toplines.pdf,35,30,25,11,32.2511,33.17396,24.41371,10.62159,14:11:27  1 Apr 2020
concern-infected,4/1/2020,D,3/5/2020,3/8/2020,Quinnipiac University,B+,453.96,rv,.8441678,.2133112,"","",https://poll.qu.edu/national/release-detail?ReleaseID=3657,25,43,21,10,25.81133,41.7024,21.50846,9.938939,14:11:27  1 Apr 2020
concern-infected,4/1/2020,D,3/8/2020,3/10/2020,YouGov,B-,532,a,.3012999,.0697879,"","",https://docs.cdn.yougov.com/vrbl9mmctz/econTabReport.pdf,20,41,32,7,21.8047,39.07299,30.8208,8.131843,14:11:27  1 Apr 2020
concern-infected,4/1/2020,D,3/10/2020,3/12/2020,YouGov,B-,327,a,.1829849,.048592,"","",https://big.assets.huffingtonpost.com/athena/files/2020/03/17/5e70fe10c5b63c3b6485b422.pdf,36,44,14,3,37.8047,42.07299,12.82081,4.131843,14:11:27  1 Apr 2020
concern-infected,4/1/2020,D,3/12/2020,3/12/2020,SurveyUSA,A,337,a,.6470813,.2173484,"","",http://www.surveyusa.com/client/PollReport.aspx?g=9e47f895-86aa-4fa6-bc8c-1fd676745cdf,23,40,22,12,25.6637,39.47841,20.88667,11.46424,14:11:27  1 Apr 2020
concern-infected,4/1/2020,D,3/11/2020,3/12/2020,Ipsos,B-,149,a,.2725729,.092457,"","",https://www.ipsos.com/sites/default/files/ct/news/documents/2020-03/topline-abc-news-coronavirus-031320.pdf,47,36,14,3,45.22269,35.20566,15.40691,4.124796,14:11:27  1 Apr 2020
concern-infected,4/1/2020,D,3/11/2020,3/13/2020,NBC News/Wall Street Journal,A/B,395,rv,.7776899,.2665015,"","",https://www.documentcloud.org/documents/6810602-200149-NBCWSJ-March-Poll-Final-3-14-20-Release.html,24,44,22,10,25.72733,42.79714,21.58932,9.607578,14:11:27  1 Apr 2020
concern-infected,4/1/2020,D,3/12/2020,3/13/2020,Morning Consult,B/C,860,a,.9018634,.3252864,"","",https://morningconsult.com/wp-content/uploads/2020/03/200344_crosstabs_CORONAVIRUS_ADULTS_Adults_v3_JB.pdf,36,33.5,16,10.5,34.84706,35.11641,17.10002,9.765781,14:11:27  1 Apr 2020
concern-infected,4/1/2020,D,3/11/2020,3/15/2020,Kaiser Family Foundation,"",356,a,.6997982,.248515,"","",http://files.kff.org/attachment/Topline-KFF-Coronavirus-Poll.pdf,33,40,17,10,32.13419,40.3168,18.27429,8.936941,14:11:27  1 Apr 2020
concern-infected,4/1/2020,D,3/12/2020,3/16/2020,AP-NORC,"",454,a,.6940922,.2543757,"","",http://www.apnorc.org/projects/Documents/March%20Coronavirus%20topline.pdf,36,39,18,6,35.32754,39.62226,17.86308,6.15,14:11:27  1 Apr 2020
concern-infected,4/1/2020,D,3/13/2020,3/15/2020,YouGov,B-,350,a,.1945741,.0614997,"","",https://big.assets.huffingtonpost.com/athena/files/2020/03/17/5e70fe10c5b60fb69ddf0b8d.pdf,40,39,16,2,41.8047,37.07299,14.82081,3.131843,14:11:27  1 Apr 2020
concern-infected,4/1/2020,D,3/13/2020,3/16/2020,Survey 160,"",208,rv,.3503928,.1462939,"","",https://www.survey160.com/s/US-and-WA-Coronavirus-Survey.pdf,29,37,24.5,9.5,29.77165,37.37332,23.51399,9.138186,14:11:27  1 Apr 2020
concern-infected,4/1/2020,D,3/15/2020,3/17/2020,YouGov,B-,517,a,.2858345,.1161522,"","",https://docs.cdn.yougov.com/fcdckgt368/econTabReport.pdf,20,51,26,4,21.8047,49.07299,24.8208,5.131843,14:11:27  1 Apr 2020
concern-infected,4/1/2020,D,3/18/2020,3/19/2020,Emerson College,A-,402,rv,.8137864,.4661723,"","",https://emersonpolling.reportablenews.com/pr/march-national-poll-70-of-americans-worried-about-catching-coronavirus,35,44.6,15.6,4.7,35.31178,43.35674,15.92964,5.063807,14:11:27  1 Apr 2020
concern-infected,4/1/2020,D,3/18/2020,3/19/2020,Ipsos,B-,140,a,.2566205,.1462895,"","",https://www.ipsos.com/sites/default/files/ct/news/documents/2020-03/topline-abc-news-coronavirus-032020.pdf,37,50,10,1,35.22269,49.20566,11.40691,2.124796,14:11:27  1 Apr 2020
concern-infected,4/1/2020,D,3/18/2020,3/19/2020,SurveyUSA,A,414,a,.7758562,.4421686,"","",http://www.surveyusa.com/client/PollTrack.aspx?g=075e1d86-ab0a-4812-839d-24db3e784017,24,41,25,7,26.6637,40.47841,23.88667,6.464243,14:11:27  1 Apr 2020
concern-infected,4/1/2020,D,3/18/2020,3/22/2020,Monmouth University,A+,282,a,.6394899,.3911607,"","",https://www.monmouth.edu/polling-institute/documents/monmouthpoll_us_032320.pdf/,58,27,10,5,53.77617,29.46727,11.33206,5.204757,14:11:27  1 Apr 2020
concern-infected,4/1/2020,D,3/20/2020,3/22/2020,YouGov,B-,340,a,.1930157,.1202929,"","",https://big.assets.huffingtonpost.com/athena/files/2020/03/24/5e7a4240c5b63c3b6498205f.pdf,50,32,13,4,51.8047,30.07299,11.82081,5.131843,14:11:27  1 Apr 2020
concern-infected,4/1/2020,D,3/21/2020,3/23/2020,YouGov,B-,696,a,.3990083,.2655678,"","",https://drive.google.com/file/d/1TofJVeuCbZN8cRGBN97kWGqhO6tlQ7VA/view,42,43,11,4,43.8047,41.07299,9.820806,5.131843,14:11:27  1 Apr 2020
concern-infected,4/1/2020,D,3/20/2020,3/23/2020,Global Strategy Group/GBA Strategies,"",108.99,rv,.0908187,.0610561,"",T,https://navigatorresearch.org/wp-content/uploads/2020/03/Navigator-Daily-Tracker-Topline-F03.23.20.pdf,44.5,33.5,16.5,5,41.7511,36.67396,15.91371,4.621593,14:11:27  1 Apr 2020
concern-infected,4/1/2020,D,3/21/2020,3/24/2020,Global Strategy Group/GBA Strategies,"",106.26,rv,.0875943,.0625402,"",T,https://navigatorresearch.org/wp-content/uploads/2020/03/Navigator-Daily-Tracker-Topline-F03.24.20.pdf,45,30.5,19,5,42.2511,33.67396,18.41371,4.621593,14:11:27  1 Apr 2020
concern-infected,4/1/2020,D,3/21/2020,3/24/2020,Fox News/Beacon Research/Shaw & Co. Research,A-,495.39,rv,.9725978,.7082196,"","",https://www.scribd.com/document/453417322/Fox-News-Poll-March-21-24-2020,44,33,17,5,42.63612,34.57972,16.67539,5.103863,14:11:27  1 Apr 2020
concern-infected,4/1/2020,D,3/22/2020,3/24/2020,YouGov,B-,506,a,.2973987,.2101861,"","",https://docs.cdn.yougov.com/bfiid7tfh3/econTabReport.pdf,32,42,19,7,33.8047,40.07299,17.8208,8.131843,14:11:27  1 Apr 2020
concern-infected,4/1/2020,D,3/22/2020,3/25/2020,Global Strategy Group/GBA Strategies,"",105.315,rv,.0857727,.0648489,"",T,https://navigatorresearch.org/wp-content/uploads/2020/03/Navigator-Daily-Tracker-Topline-F03.25.20.pdf,45.5,32.5,18,4,42.7511,35.67396,17.41371,3.621592,14:11:27  1 Apr 2020
concern-infected,4/1/2020,D,3/22/2020,3/25/2020,ABC News/Washington Post,A+,300.9,a,.6718016,.5152755,"","",https://www.washingtonpost.com/context/washington-post-abc-news-poll-march-22-25-2020/974c3312-5a40-4764-afb1-4bb6b86f1cf4/,36,41,16,5,36.60461,40.65682,15.89571,5.049875,14:11:27  1 Apr 2020
concern-infected,4/1/2020,D,3/23/2020,3/26/2020,Global Strategy Group/GBA Strategies,"",105.525,rv,.0854123,.0681113,"",T,https://navigatorresearch.org/wp-content/uploads/2020/03/Navigator-Daily-Tracker-Topline-F03.26.20.pdf,47,33,15.5,4,44.2511,36.17396,14.91371,3.621592,14:11:27  1 Apr 2020
concern-infected,4/1/2020,D,3/24/2020,3/25/2020,SurveyUSA,A,371,a,.7075987,.5687667,"","",http://www.surveyusa.com/client/PollReport.aspx?g=a6354d34-2350-49a3-b360-8772ca176a2d,37.5,41,14.5,5.5,40.1637,40.47841,13.38667,4.964243,14:11:27  1 Apr 2020
concern-infected,4/1/2020,D,3/24/2020,3/27/2020,Global Strategy Group/GBA Strategies,"",107.31,rv,.0868074,.0727727,"",T,https://navigatorresearch.org/wp-content/uploads/2020/03/Navigator-Daily-Tracker-Topline-F03.27.20.pdf,47.5,34,14.5,4.5,44.7511,37.17396,13.91371,4.121593,14:11:27  1 Apr 2020
concern-infected,4/1/2020,D,3/25/2020,3/30/2020,Global Strategy Group/GBA Strategies,"",71.19,rv,.0581754,.0534823,"",T,https://navigatorresearch.org/wp-content/uploads/2020/03/Navigator-Daily-Tracker-Topline-F03.30.20.pdf,47.5,31.5,14.5,6,44.7511,34.67396,13.91371,5.621593,14:11:27  1 Apr 2020
concern-infected,4/1/2020,D,3/26/2020,3/31/2020,Global Strategy Group/GBA Strategies,"",427.14,rv,.3521615,.3379598,"",T,https://navigatorresearch.org/wp-content/uploads/2020/04/Navigator-Daily-Tracker-Topline-F03.31.20.pdf,46.5,29.5,17,7.5,43.7511,32.67396,16.41371,7.121593,14:11:27  1 Apr 2020
concern-infected,4/1/2020,D,3/28/2020,3/30/2020,Civiqs,"",496.65,a,.6117474,.5879918,"","",https://civiqs.com/documents/Civiqs_DailyKos_monthly_banner_book_2020_03B_x2nf9sb.pdf,30,46,17,5,32.25377,44.55836,16.53983,4.931879,14:11:27  1 Apr 2020
concern-infected,4/1/2020,D,3/29/2020,3/31/2020,YouGov,B-,540,a,.4076468,.4076468,"","",https://docs.cdn.yougov.com/p8nwhxp50n/econTabReport.pdf,31,47,19,3,32.8047,45.07299,17.8208,4.131843,14:11:27  1 Apr 2020
concern-economy,4/1/2020,I,1/27/2020,1/29/2020,Morning Consult,B/C,730,a,.4337392,0,"","",https://morningconsult.com/wp-content/uploads/2020/02/200167_crosstabs_CORONAVIRUS_Adults_v2_JB-1.pdf,18,31,22,11,17.06252,32.70435,24.20623,12.6182,14:11:28  1 Apr 2020
concern-economy,4/1/2020,I,1/31/2020,2/2/2020,Morning Consult,B/C,719,a,.3941519,0,"","",https://morningconsult.com/wp-content/uploads/2020/02/200191_crosstabs_CORONAVIRUS_Adults_v2_JB-1.pdf,23,31,23,9,22.06252,32.70435,25.20623,10.6182,14:11:28  1 Apr 2020
concern-economy,4/1/2020,I,2/7/2020,2/9/2020,Morning Consult,B/C,700,a,.3584039,0,"","",https://morningconsult.com/wp-content/uploads/2020/02/200214_crosstabs_CORONAVIRUS_Adults_v4_JB.pdf,24,26,22,11,23.06252,27.70435,24.20623,12.6182,14:11:28  1 Apr 2020
concern-economy,4/1/2020,I,2/13/2020,2/18/2020,Kaiser Family Foundation,"",347,a,.7014681,.0254155,"","",http://files.kff.org/attachment/Topline-KFF-Health-Tracking-Poll-February-2020,23,33,31,13,23.08475,33.27348,29.86933,12.72382,14:11:28  1 Apr 2020
concern-economy,4/1/2020,I,2/24/2020,2/26/2020,Morning Consult,B/C,677,a,.2551768,.0179613,"","",https://morningconsult.com/wp-content/uploads/2020/02/200260_crosstabs_CORONAVIRUS_Adults_v2_JB.pdf,28,37,17,6,27.06252,38.70435,19.20623,7.618205,14:11:28  1 Apr 2020
concern-economy,4/1/2020,I,2/28/2020,3/1/2020,Morning Consult,B/C,692,a,.236022,.0294369,"","",https://morningconsult.com/wp-content/uploads/2020/03/200271_crosstabs_CORONAVIRUS_Adults_v2_JB-1.pdf,33,32,12,5,32.06252,33.70435,14.20623,6.618205,14:11:28  1 Apr 2020
concern-economy,4/1/2020,I,3/2/2020,3/3/2020,Public Policy Polling,B,190.52,rv,.3811895,.0826,"","",https://www.protectourcare.org/wp-content/uploads/2020/03/Coronavirus-Poll-Memo-And-Results-3-20.pdf,34,41,22,2,33.57841,40.31335,21.50038,3.181213,14:11:28  1 Apr 2020
concern-economy,4/1/2020,I,3/3/2020,3/5/2020,Morning Consult,B/C,545,rv,.1755221,.0330422,"","",https://morningconsult.com/wp-content/uploads/2020/03/200311_crosstabs_CORONAVIRUS_RVs_v3_YW.pdf,37,36,13,4,36.06252,37.70435,15.20623,5.618205,14:11:28  1 Apr 2020
concern-economy,4/1/2020,I,3/2/2020,3/5/2020,SurveyMonkey,D-,509,a,.2062573,.0429992,"","",https://www.surveymonkey.com/curiosity/wsj-survey-coronavirus/,36,33,20,9,35.11314,33.09983,19.85023,9.292816,14:11:28  1 Apr 2020
concern-economy,4/1/2020,I,3/2/2020,3/8/2020,SurveyMonkey,D-,344,a,.1365815,.0309326,"","",https://www.surveymonkey.com/curiosity/nyt-march-2020-cci/,32,43,18,7,31.11314,43.09983,17.85023,7.292816,14:11:28  1 Apr 2020
concern-economy,4/1/2020,I,3/6/2020,3/8/2020,Global Strategy Group/GBA Strategies,"",240,rv,.3884669,.1121451,"","",https://navigatorresearch.org/wp-content/uploads/2020/03/March-2020-Navigator-Coronavirus-Toplines.pdf,26,31,21,22,27.55765,31.96892,20.2658,19.63964,14:11:28  1 Apr 2020
concern-economy,4/1/2020,I,3/6/2020,3/9/2020,Morning Consult,B/C,733,a,.2272531,.0574779,"","",https://morningconsult.com/wp-content/uploads/2020/03/200326_crosstabs_CORONAVIRUS_Adults_v4_JB.pdf,32,35,13,4,31.06252,36.70435,15.20623,5.618205,14:11:28  1 Apr 2020
concern-economy,4/1/2020,I,3/9/2020,3/10/2020,SurveyMonkey,D-,300,a,.1164533,.036048,"","",https://www.surveymonkey.com/curiosity/fortune-poll-coronavirus/,34,39,14,13,33.11314,39.09983,13.85023,13.29282,14:11:28  1 Apr 2020
concern-economy,4/1/2020,I,3/10/2020,3/14/2020,Morning Consult,B/C,753,a,.2258096,.0783031,"","",https://morningconsult.com/wp-content/uploads/2020/03/200333_crosstabs_CORONAVIRUS_Adults_v3_JB-2.pdf,39,31,10,5,38.06252,32.70435,12.20623,6.618205,14:11:28  1 Apr 2020
concern-economy,4/1/2020,I,3/11/2020,3/13/2020,Harris Insights & Analytics,C+,492,a,.4143045,.1579085,"","",https://www.meettally.com/blog/financial-anxiety-coronavirus/,30,46,14,10,31.86023,43.29828,14.07295,10.03403,14:11:28  1 Apr 2020
concern-economy,4/1/2020,I,3/12/2020,3/13/2020,Morning Consult,B/C,637,a,.1907166,.0741094,"","",https://morningconsult.com/wp-content/uploads/2020/03/200344_crosstabs_CORONAVIRUS_ADULTS_Adults_v3_JB.pdf,32,33,11,10,31.06252,34.70435,13.20623,11.6182,14:11:28  1 Apr 2020
concern-economy,4/1/2020,I,3/13/2020,3/16/2020,Morning Consult,B/C,547,rv,.1654834,.0779164,"","",https://morningconsult.com/wp-content/uploads/2020/03/200346_crosstabs_CORONAVIRUS_TREND_RVs_v3_JB-1.pdf,50,29,9,4,49.06252,30.70435,11.20623,5.618205,14:11:28  1 Apr 2020
concern-economy,4/1/2020,I,3/13/2020,3/16/2020,Survey 160,"",186,rv,.3223647,.1647639,"","",https://www.survey160.com/s/US-and-WA-Coronavirus-Survey.pdf,60,25,11,4,57.70856,26.24645,11.1604,4.551123,14:11:28  1 Apr 2020
concern-economy,4/1/2020,I,3/14/2020,3/15/2020,Harris Insights & Analytics,C+,509,a,.4122982,.2066182,"","",https://theharrispoll.com/wp-content/uploads/2020/03/Harris-Poll-COVID19-Tabs_Wave-2.pdf,40,41,13,6,41.86023,38.29828,13.07295,6.034034,14:11:28  1 Apr 2020
concern-economy,4/1/2020,I,3/16/2020,3/17/2020,SurveyMonkey,D-,554,a,.2272778,.1269236,"","",https://www.surveymonkey.com/curiosity/fortune-poll-coronavirus-update/,55,29,12,3,54.11314,29.09983,11.85023,3.292816,14:11:28  1 Apr 2020
concern-economy,4/1/2020,I,3/17/2020,3/20/2020,Morning Consult,B/C,512,rv,.1620609,.1026231,"","",https://morningconsult.com/wp-content/uploads/2020/03/200371_crosstabs_CORONAVIRUS_TREND_PARTIALS_RVs_v2_JB.pdf,65,21,4,3,64.06252,22.70435,6.206228,4.618205,14:11:28  1 Apr 2020
concern-economy,4/1/2020,I,3/20/2020,3/22/2020,Morning Consult,B/C,690,a,.2263423,.16159,"","",https://morningconsult.com/wp-content/uploads/2020/03/200383_crosstabs_CORONAVIRUS_CONTENT_Adults_v4_JB.pdf,68,20,2,2,67.06252,21.70435,4.206228,3.618204,14:11:28  1 Apr 2020
concern-economy,4/1/2020,I,3/21/2020,3/22/2020,Harris Insights & Analytics,C+,663,a,.5618961,.4313223,"","",https://theharrispoll.com/wp-content/uploads/2020/03/COVID-19-Tracker_Wave-2-4_tabs.pdf,59,30,6,5,60.86023,27.29828,6.072952,5.034034,14:11:28  1 Apr 2020
concern-economy,4/1/2020,I,3/23/2020,3/24/2020,SurveyMonkey,D-,295,a,.1554017,.1293397,"","",https://www.surveymonkey.com/curiosity/fortune-poll-coronavirus-bailouts/,64,24,5,6,63.11314,24.09983,4.850227,6.292816,14:11:28  1 Apr 2020
concern-economy,4/1/2020,I,3/24/2020,3/26/2020,Morning Consult,B/C,729,a,.2699136,.236351,"","",https://morningconsult.com/wp-content/uploads/2020/03/200394_crosstabs_CORONAVIRUS_CONTENT_Adults_v4_JB.pdf,65,21,4,3,64.06252,22.70435,6.206228,4.618205,14:11:28  1 Apr 2020
concern-economy,4/1/2020,I,3/27/2020,3/29/2020,Morning Consult,B/C,679,a,.289735,.289735,"","",https://morningconsult.com/wp-content/uploads/2020/03/2003102_crosstabs_CORONAVIRUS_CONTENT_Adults_v2_JB.pdf,64,22,3,2,63.06252,23.70435,5.206228,3.618204,14:11:28  1 Apr 2020
concern-infected,4/1/2020,I,2/2/2020,2/4/2020,YouGov,B-,594,a,.466436,0,"","",https://d25d2506sfb94s.cloudfront.net/cumulus_uploads/document/73jqd6u5mv/econTabReport.pdf,13,26,39,22,15.90322,26.04742,37.29754,21.63548,14:11:28  1 Apr 2020
concern-infected,4/1/2020,I,2/7/2020,2/9/2020,YouGov,B-,413,a,.2873755,0,"","",https://projects.fivethirtyeight.com/polls/20200318_National_HPYouGov_coronavirus_1.pdf,8,24,30,20,10.90322,24.04742,28.29754,19.63548,14:11:28  1 Apr 2020
concern-infected,4/1/2020,I,2/9/2020,2/11/2020,YouGov,B-,605,a,.4032084,0,"","",https://d25d2506sfb94s.cloudfront.net/cumulus_uploads/document/79zfxkws33/econTabReport.pdf,8,28,40,24,10.90322,28.04742,38.29754,23.63548,14:11:28  1 Apr 2020
concern-infected,4/1/2020,I,2/13/2020,2/16/2020,AP-NORC,"",141,a,.2792457,.0039237,"","",http://www.apnorc.org/PDFs/Omnibus%202020/February/topline_omni_feb_full_v3.pdf,27,31,25,16,23.99056,31.86305,26.33412,16.58487,14:11:28  1 Apr 2020
concern-infected,4/1/2020,I,2/13/2020,2/18/2020,Kaiser Family Foundation,"",347,a,.6842716,.0144388,"","",http://files.kff.org/attachment/Topline-KFF-Health-Tracking-Poll-February-2020,19,21,39,20,18.15668,21.97179,38.75701,19.6422,14:11:28  1 Apr 2020
concern-infected,4/1/2020,I,2/16/2020,2/18/2020,YouGov,B-,586,a,.3491191,.0075997,"","",https://d25d2506sfb94s.cloudfront.net/cumulus_uploads/document/m3wzkd0n59/econTabReport.pdf,10,31,40,20,12.90322,31.04742,38.29754,19.63548,14:11:28  1 Apr 2020
concern-infected,4/1/2020,I,2/23/2020,2/25/2020,YouGov,B-,587,a,.3216877,.0190329,"","",https://d25d2506sfb94s.cloudfront.net/cumulus_uploads/document/zye3phsf7t/econTabReport.pdf,8,31,39,22,10.90322,31.04742,37.29754,21.63548,14:11:28  1 Apr 2020
concern-infected,4/1/2020,I,2/26/2020,2/28/2020,YouGov,B-,386,a,.2069892,.0155177,"","",https://projects.fivethirtyeight.com/polls/20200318_National_HPYouGov_coronavirus_2.pdf,12,27,29,15,14.90322,27.04742,27.29754,14.63548,14:11:28  1 Apr 2020
concern-infected,4/1/2020,I,3/1/2020,3/3/2020,YouGov,B-,611,a,.3209929,.0403139,"","",https://d25d2506sfb94s.cloudfront.net/cumulus_uploads/document/3rdraw493c/econTabReport.pdf,12,29,37,22,14.90322,29.04742,35.29754,21.63548,14:11:28  1 Apr 2020
concern-infected,4/1/2020,I,3/2/2020,3/3/2020,Public Policy Polling,B,190.52,rv,.3811895,.0688779,"","",https://www.protectourcare.org/wp-content/uploads/2020/03/Coronavirus-Poll-Memo-And-Results-3-20.pdf,22,37,32,9,21.42288,36.26973,31.7052,10.26787,14:11:28  1 Apr 2020
concern-infected,4/1/2020,I,3/6/2020,3/8/2020,Global Strategy Group/GBA Strategies,"",240,rv,.3252019,.0731771,"","",https://navigatorresearch.org/wp-content/uploads/2020/03/March-2020-Navigator-Coronavirus-Toplines.pdf,26,28,24,21,24.26404,30.26569,24.39127,19.84011,14:11:28  1 Apr 2020
concern-infected,4/1/2020,I,3/5/2020,3/8/2020,Quinnipiac University,B+,315.25,rv,.6220685,.1571894,"","",https://poll.qu.edu/national/release-detail?ReleaseID=3657,18,39,26,17,18.41621,37.85218,26.52612,16.75761,14:11:28  1 Apr 2020
concern-infected,4/1/2020,I,3/8/2020,3/10/2020,YouGov,B-,590,a,.3059275,.0705353,"","",https://docs.cdn.yougov.com/vrbl9mmctz/econTabReport.pdf,11,36,34,19,13.90322,36.04742,32.29754,18.63548,14:11:28  1 Apr 2020
concern-infected,4/1/2020,I,3/10/2020,3/12/2020,YouGov,B-,424,a,.2165951,.0574049,"","",https://big.assets.huffingtonpost.com/athena/files/2020/03/17/5e70fe10c5b63c3b6485b422.pdf,18,28,26,13,20.90322,28.04742,24.29754,12.63548,14:11:28  1 Apr 2020
concern-infected,4/1/2020,I,3/11/2020,3/12/2020,Ipsos,B-,201,a,.3412787,.1153635,"","",https://www.ipsos.com/sites/default/files/ct/news/documents/2020-03/topline-abc-news-coronavirus-031320.pdf,20,46,27,7,18.83537,43.44426,28.42781,8.859342,14:11:28  1 Apr 2020
concern-infected,4/1/2020,I,3/12/2020,3/12/2020,SurveyUSA,A,207,a,.4239666,.1433627,"","",http://www.surveyusa.com/client/PollReport.aspx?g=9e47f895-86aa-4fa6-bc8c-1fd676745cdf,14,30,34,20,15.55214,30.39508,33.06852,19.06713,14:11:28  1 Apr 2020
concern-infected,4/1/2020,I,3/11/2020,3/13/2020,NBC News/Wall Street Journal,A/B,108,rv,.2368814,.0811754,"","",https://www.documentcloud.org/documents/6810602-200149-NBCWSJ-March-Poll-Final-3-14-20-Release.html,9,36,43,12,10.38863,35.89323,41.25713,12.23685,14:11:28  1 Apr 2020
concern-infected,4/1/2020,I,3/11/2020,3/15/2020,Kaiser Family Foundation,"",380,a,.742772,.2641847,"","",http://files.kff.org/attachment/Topline-KFF-Coronavirus-Poll.pdf,25,35,24,16,24.15668,35.97179,23.75701,15.6422,14:11:28  1 Apr 2020
concern-infected,4/1/2020,I,3/12/2020,3/13/2020,Morning Consult,B/C,637,a,.7773369,.2803719,"","",https://morningconsult.com/wp-content/uploads/2020/03/200344_crosstabs_CORONAVIRUS_ADULTS_Adults_v3_JB.pdf,26,31,19.5,15,25.12388,32.16588,21.25526,14.70531,14:11:28  1 Apr 2020
concern-infected,4/1/2020,I,3/12/2020,3/16/2020,AP-NORC,"",167,a,.3249554,.1216359,"","",http://www.apnorc.org/projects/Documents/March%20Coronavirus%20topline.pdf,39,25,23,12,35.99056,25.86305,24.33412,12.58487,14:11:28  1 Apr 2020
concern-infected,4/1/2020,I,3/13/2020,3/15/2020,YouGov,B-,411,a,.2084714,.0658565,"","",https://big.assets.huffingtonpost.com/athena/files/2020/03/17/5e70fe10c5b60fb69ddf0b8d.pdf,23,31,21,12,25.90322,31.04742,19.29754,11.63548,14:11:28  1 Apr 2020
concern-infected,4/1/2020,I,3/13/2020,3/16/2020,Survey 160,"",186,rv,.3223647,.1345918,"","",https://www.survey160.com/s/US-and-WA-Coronavirus-Survey.pdf,18.5,41,29.5,10.5,19.37922,40.18329,28.77541,10.93601,14:11:28  1 Apr 2020
concern-infected,4/1/2020,I,3/15/2020,3/17/2020,YouGov,B-,597,a,.3013605,.1224363,"","",https://docs.cdn.yougov.com/fcdckgt368/econTabReport.pdf,15,37,36,13,17.90322,37.04742,34.29754,12.63548,14:11:28  1 Apr 2020
concern-infected,4/1/2020,I,3/18/2020,3/19/2020,SurveyUSA,A,244,a,.4917675,.2807268,"","",http://www.surveyusa.com/client/PollTrack.aspx?g=075e1d86-ab0a-4812-839d-24db3e784017,15,36,31,17,16.55214,36.39508,30.06852,16.06713,14:11:28  1 Apr 2020
concern-infected,4/1/2020,I,3/18/2020,3/19/2020,Ipsos,B-,201,a,.3412787,.1943109,"","",https://www.ipsos.com/sites/default/files/ct/news/documents/2020-03/topline-abc-news-coronavirus-032020.pdf,38,47,11,4,36.83537,44.44426,12.42781,5.859342,14:11:28  1 Apr 2020
concern-infected,4/1/2020,I,3/18/2020,3/19/2020,Emerson College,A-,323,rv,.6692048,.3833497,"","",https://emersonpolling.reportablenews.com/pr/march-national-poll-70-of-americans-worried-about-catching-coronavirus,26.4,46.1,21.4,6.1,26.38663,44.20324,21.77908,7.333421,14:11:28  1 Apr 2020
concern-infected,4/1/2020,I,3/18/2020,3/22/2020,Monmouth University,A+,309,a,.7000161,.428183,"","",https://www.monmouth.edu/polling-institute/documents/monmouthpoll_us_032320.pdf/,31,35,19,15,30.13325,35.52296,19.79525,14.28149,14:11:28  1 Apr 2020
concern-infected,4/1/2020,I,3/20/2020,3/22/2020,YouGov,B-,409,a,.2133049,.1328392,"","",https://big.assets.huffingtonpost.com/athena/files/2020/03/24/5e7a4240c5b63c3b6498205f.pdf,33,32,19,7,35.90322,32.04742,17.29754,6.635482,14:11:28  1 Apr 2020
concern-infected,4/1/2020,I,3/21/2020,3/23/2020,YouGov,B-,707,a,.3731623,.2481507,"","",https://drive.google.com/file/d/1TofJVeuCbZN8cRGBN97kWGqhO6tlQ7VA/view,26,42,23,10,28.90322,42.04742,21.29754,9.635483,14:11:28  1 Apr 2020
concern-infected,4/1/2020,I,3/20/2020,3/23/2020,Global Strategy Group/GBA Strategies,"",59.685,rv,.0700879,.0473909,"",T,https://navigatorresearch.org/wp-content/uploads/2020/03/Navigator-Daily-Tracker-Topline-F03.23.20.pdf,34.5,28,23,15,32.76404,30.26569,23.39127,13.84011,14:11:28  1 Apr 2020
concern-infected,4/1/2020,I,3/21/2020,3/24/2020,Global Strategy Group/GBA Strategies,"",58.19,rv,.067843,.0486507,"",T,https://navigatorresearch.org/wp-content/uploads/2020/03/Navigator-Daily-Tracker-Topline-F03.24.20.pdf,30,27.5,24.5,18,28.26404,29.76569,24.89127,16.84011,14:11:28  1 Apr 2020
concern-infected,4/1/2020,I,3/21/2020,3/24/2020,Fox News/Beacon Research/Shaw & Co. Research,A-,111.21,rv,.245635,.1788648,"","",https://www.scribd.com/document/453417322/Fox-News-Poll-March-21-24-2020,35,25,24,13,34.26254,26.42918,23.77227,12.76309,14:11:28  1 Apr 2020
concern-infected,4/1/2020,I,3/22/2020,3/24/2020,YouGov,B-,593,a,.3213141,.2268976,"","",https://docs.cdn.yougov.com/bfiid7tfh3/econTabReport.pdf,20,41,27,12,22.90322,41.04742,25.29754,11.63548,14:11:28  1 Apr 2020
concern-infected,4/1/2020,I,3/22/2020,3/25/2020,Global Strategy Group/GBA Strategies,"",57.6725,rv,.0666849,.0505742,"",T,https://navigatorresearch.org/wp-content/uploads/2020/03/Navigator-Daily-Tracker-Topline-F03.25.20.pdf,27.5,28.5,30.5,14,25.76404,30.76569,30.89127,12.84011,14:11:28  1 Apr 2020
concern-infected,4/1/2020,I,3/22/2020,3/25/2020,ABC News/Washington Post,A+,371.11,a,.8236039,.6317088,"","",https://www.washingtonpost.com/context/washington-post-abc-news-poll-march-22-25-2020/974c3312-5a40-4764-afb1-4bb6b86f1cf4/,34,39,17,10,32.74723,38.87184,18.06817,10.12958,14:11:28  1 Apr 2020
concern-infected,4/1/2020,I,3/24/2020,3/25/2020,SurveyUSA,A,242,a,.4927833,.3964567,"","",http://www.surveyusa.com/client/PollReport.aspx?g=a6354d34-2350-49a3-b360-8772ca176a2d,32.5,40.5,16,9,34.05214,40.89508,15.06852,8.067128,14:11:28  1 Apr 2020
concern-infected,4/1/2020,I,3/23/2020,3/26/2020,Global Strategy Group/GBA Strategies,"",55.275,rv,.0636645,.0508809,"",T,https://navigatorresearch.org/wp-content/uploads/2020/03/Navigator-Daily-Tracker-Topline-F03.26.20.pdf,27.5,30.5,27.5,14,25.76404,32.76569,27.89127,12.84011,14:11:28  1 Apr 2020
concern-infected,4/1/2020,I,3/24/2020,3/27/2020,Global Strategy Group/GBA Strategies,"",58.765,rv,.0676973,.0568414,"",T,https://navigatorresearch.org/wp-content/uploads/2020/03/Navigator-Daily-Tracker-Topline-F03.27.20.pdf,30,33.5,22.5,14,28.26404,35.76569,22.89127,12.84011,14:11:28  1 Apr 2020
concern-infected,4/1/2020,I,3/25/2020,3/30/2020,Global Strategy Group/GBA Strategies,"",37.29,rv,.0433466,.0398765,"",T,https://navigatorresearch.org/wp-content/uploads/2020/03/Navigator-Daily-Tracker-Topline-F03.30.20.pdf,36.5,32.5,20,11.5,34.76404,34.76569,20.39127,10.34011,14:11:28  1 Apr 2020
concern-infected,4/1/2020,I,3/26/2020,3/31/2020,Global Strategy Group/GBA Strategies,"",223.74,rv,.2619791,.251495,"",T,https://navigatorresearch.org/wp-content/uploads/2020/04/Navigator-Daily-Tracker-Topline-F03.31.20.pdf,37,33,19,10.5,35.26404,35.26569,19.39127,9.340111,14:11:28  1 Apr 2020
concern-infected,4/1/2020,I,3/28/2020,3/30/2020,Civiqs,"",602,a,.6752625,.6490405,"","",https://civiqs.com/documents/Civiqs_DailyKos_monthly_banner_book_2020_03B_x2nf9sb.pdf,18,42,28,11,20.73089,41.29002,26.48118,10.64053,14:11:28  1 Apr 2020
concern-infected,4/1/2020,I,3/29/2020,3/31/2020,YouGov,B-,559,a,.3965803,.3965803,"","",https://docs.cdn.yougov.com/p8nwhxp50n/econTabReport.pdf,21,39,29,10,23.90322,39.04742,27.29754,9.635483,14:11:28  1 Apr 2020
concern-economy,4/1/2020,R,1/27/2020,1/29/2020,Morning Consult,B/C,663,a,.409523,0,"","",https://morningconsult.com/wp-content/uploads/2020/02/200167_crosstabs_CORONAVIRUS_Adults_v2_JB-1.pdf,18,33,26,11,15.70743,34.12501,27.70326,12.88969,14:11:29  1 Apr 2020
concern-economy,4/1/2020,R,1/31/2020,2/2/2020,Morning Consult,B/C,676,a,.3834032,0,"","",https://morningconsult.com/wp-content/uploads/2020/02/200191_crosstabs_CORONAVIRUS_Adults_v2_JB-1.pdf,25,34,28,8,22.70743,35.12501,29.70326,9.889694,14:11:29  1 Apr 2020
concern-economy,4/1/2020,R,2/7/2020,2/9/2020,Morning Consult,B/C,684,a,.3580348,0,"","",https://morningconsult.com/wp-content/uploads/2020/02/200214_crosstabs_CORONAVIRUS_Adults_v4_JB.pdf,19,34,31,9,16.70743,35.12501,32.70326,10.88969,14:11:29  1 Apr 2020
concern-economy,4/1/2020,R,2/13/2020,2/18/2020,Kaiser Family Foundation,"",346,a,.6996843,.0253509,"","",http://files.kff.org/attachment/Topline-KFF-Health-Tracking-Poll-February-2020,17,36,29,17,17.31647,36.26196,28.95294,16.23049,14:11:29  1 Apr 2020
concern-economy,4/1/2020,R,2/24/2020,2/26/2020,Morning Consult,B/C,737,a,.2709025,.0189999,"","",https://morningconsult.com/wp-content/uploads/2020/02/200260_crosstabs_CORONAVIRUS_Adults_v2_JB.pdf,28,40,20,6,25.70743,41.12501,21.70326,7.889694,14:11:29  1 Apr 2020
concern-economy,4/1/2020,R,2/28/2020,3/1/2020,Morning Consult,B/C,694,a,.2299976,.028576,"","",https://morningconsult.com/wp-content/uploads/2020/03/200271_crosstabs_CORONAVIRUS_Adults_v2_JB-1.pdf,34,36,18,6,31.70743,37.12501,19.70326,7.889694,14:11:29  1 Apr 2020
concern-economy,4/1/2020,R,3/2/2020,3/3/2020,Public Policy Polling,B,329.08,rv,.6027713,.1306145,"","",https://www.protectourcare.org/wp-content/uploads/2020/03/Coronavirus-Poll-Memo-And-Results-3-20.pdf,29,28,30,13,28.4914,30.24233,28.50343,12.50371,14:11:29  1 Apr 2020
concern-economy,4/1/2020,R,3/2/2020,3/5/2020,SurveyMonkey,D-,1565,a,.2522327,.0534551,"","",https://www.surveymonkey.com/curiosity/wsj-survey-coronavirus/,20,48,25,7,21.469,45.75383,24.21998,8.341057,14:11:29  1 Apr 2020
concern-economy,4/1/2020,R,3/3/2020,3/5/2020,Morning Consult,B/C,675,rv,.2096052,.0394377,"","",https://morningconsult.com/wp-content/uploads/2020/03/200311_crosstabs_CORONAVIRUS_RVs_v3_YW.pdf,30,40,15,7,27.70743,41.12501,16.70326,8.889694,14:11:29  1 Apr 2020
concern-economy,4/1/2020,R,3/2/2020,3/8/2020,SurveyMonkey,D-,1128,a,.1786582,.0410649,"","",https://www.surveymonkey.com/curiosity/nyt-march-2020-cci/,24,43,26,7,25.469,40.75383,25.21998,8.341057,14:11:29  1 Apr 2020
concern-economy,4/1/2020,R,3/6/2020,3/8/2020,Global Strategy Group/GBA Strategies,"",420,rv,.5571008,.1608274,"","",https://navigatorresearch.org/wp-content/uploads/2020/03/March-2020-Navigator-Coronavirus-Toplines.pdf,28,40,20,12,28.53415,39.61055,20.11469,11.49846,14:11:29  1 Apr 2020
concern-economy,4/1/2020,R,3/6/2020,3/9/2020,Morning Consult,B/C,658,a,.196597,.0496887,"","",https://morningconsult.com/wp-content/uploads/2020/03/200326_crosstabs_CORONAVIRUS_Adults_v4_JB.pdf,30,38,19,5,27.70743,39.12501,20.70326,6.889694,14:11:29  1 Apr 2020
concern-economy,4/1/2020,R,3/9/2020,3/10/2020,SurveyMonkey,D-,862,a,.1390526,.0428759,"","",https://www.surveymonkey.com/curiosity/fortune-poll-coronavirus/,23,44,23,8,24.469,41.75383,22.21998,9.341057,14:11:29  1 Apr 2020
concern-economy,4/1/2020,R,3/11/2020,3/13/2020,Harris Insights & Analytics,C+,661,a,.4873352,.1864144,"","",https://www.meettally.com/blog/financial-anxiety-coronavirus/,27,42,20,11,28.40302,40.26774,19.92605,10.96399,14:11:29  1 Apr 2020
concern-economy,4/1/2020,R,3/10/2020,3/14/2020,Morning Consult,B/C,693,a,.1995451,.0692134,"","",https://morningconsult.com/wp-content/uploads/2020/03/200333_crosstabs_CORONAVIRUS_Adults_v3_JB-2.pdf,43,35,10,6,40.70743,36.12501,11.70326,7.889694,14:11:29  1 Apr 2020
concern-economy,4/1/2020,R,3/12/2020,3/13/2020,Morning Consult,B/C,703,a,.2016985,.0784362,"","",https://morningconsult.com/wp-content/uploads/2020/03/200344_crosstabs_CORONAVIRUS_ADULTS_Adults_v3_JB.pdf,32,35,19,8,29.70743,36.12501,20.70326,9.889694,14:11:29  1 Apr 2020
concern-economy,4/1/2020,R,3/13/2020,3/16/2020,Survey 160,"",215,rv,.3589844,.1834806,"","",https://www.survey160.com/s/US-and-WA-Coronavirus-Survey.pdf,47,37,11,5,46.45309,36.68265,11.36523,5.363573,14:11:29  1 Apr 2020
concern-economy,4/1/2020,R,3/13/2020,3/16/2020,Morning Consult,B/C,677,rv,.1956873,.0922474,"","",https://morningconsult.com/wp-content/uploads/2020/03/200346_crosstabs_CORONAVIRUS_TREND_RVs_v3_JB-1.pdf,52,32,7,4,49.70743,33.12501,8.703262,5.889694,14:11:29  1 Apr 2020
concern-economy,4/1/2020,R,3/14/2020,3/15/2020,Harris Insights & Analytics,C+,659,a,.47013,.2358309,"","",https://theharrispoll.com/wp-content/uploads/2020/03/Harris-Poll-COVID19-Tabs_Wave-2.pdf,39,45,11,5,40.40302,43.26774,10.92605,4.963994,14:11:29  1 Apr 2020
concern-economy,4/1/2020,R,3/16/2020,3/17/2020,SurveyMonkey,D-,1065,a,.1994876,.1092891,"","",https://www.surveymonkey.com/curiosity/fortune-poll-coronavirus-update/,53,36,8,3,54.469,33.75383,7.219984,4.341057,14:11:29  1 Apr 2020
concern-economy,4/1/2020,R,3/17/2020,3/20/2020,Morning Consult,B/C,614,rv,.1860054,.1178193,"","",https://morningconsult.com/wp-content/uploads/2020/03/200371_crosstabs_CORONAVIRUS_TREND_PARTIALS_RVs_v2_JB.pdf,71,21,3,1,68.70743,22.12501,4.703263,2.889694,14:11:29  1 Apr 2020
concern-economy,4/1/2020,R,3/20/2020,3/22/2020,Morning Consult,B/C,709,a,.2233322,.1594303,"","",https://morningconsult.com/wp-content/uploads/2020/03/200383_crosstabs_CORONAVIRUS_CONTENT_Adults_v4_JB.pdf,68,22,2,1,65.70743,23.12501,3.703263,2.889694,14:11:29  1 Apr 2020
concern-economy,4/1/2020,R,3/21/2020,3/22/2020,Harris Insights & Analytics,C+,661,a,.5105743,.3911954,"","",https://theharrispoll.com/wp-content/uploads/2020/03/COVID-19-Tracker_Wave-2-4_tabs.pdf,65,27,5,4,66.40302,25.26774,4.926052,3.963994,14:11:29  1 Apr 2020
concern-economy,4/1/2020,R,3/23/2020,3/24/2020,SurveyMonkey,D-,668,a,.1770943,.1461092,"","",https://www.surveymonkey.com/curiosity/fortune-poll-coronavirus-bailouts/,67,25,5,2,68.46899,22.75383,4.219984,3.341057,14:11:29  1 Apr 2020
concern-economy,4/1/2020,R,3/24/2020,3/26/2020,Morning Consult,B/C,689,a,.2465596,.2158616,"","",https://morningconsult.com/wp-content/uploads/2020/03/200394_crosstabs_CORONAVIRUS_CONTENT_Adults_v4_JB.pdf,69,23,3,1,66.70743,24.12501,4.703263,2.889694,14:11:29  1 Apr 2020
concern-economy,4/1/2020,R,3/27/2020,3/29/2020,Morning Consult,B/C,694,a,.2874354,.2874354,"","",https://morningconsult.com/wp-content/uploads/2020/03/2003102_crosstabs_CORONAVIRUS_CONTENT_Adults_v2_JB.pdf,67,24,3,2,64.70743,25.12501,4.703263,3.889694,14:11:29  1 Apr 2020
concern-infected,4/1/2020,R,2/2/2020,2/4/2020,YouGov,B-,375,a,.3933485,0,"","",https://d25d2506sfb94s.cloudfront.net/cumulus_uploads/document/73jqd6u5mv/econTabReport.pdf,8,23,51,18,9.47773,22.21306,49.79863,18.29776,14:11:29  1 Apr 2020
concern-infected,4/1/2020,R,2/7/2020,2/9/2020,YouGov,B-,226,a,.2146035,0,"","",https://projects.fivethirtyeight.com/polls/20200318_National_HPYouGov_coronavirus_1.pdf,14,24,35,24,15.47773,23.21306,33.79863,24.29776,14:11:29  1 Apr 2020
concern-infected,4/1/2020,R,2/9/2020,2/11/2020,YouGov,B-,377,a,.3447035,0,"","",https://d25d2506sfb94s.cloudfront.net/cumulus_uploads/document/79zfxkws33/econTabReport.pdf,12,26,37,25,13.47773,25.21306,35.79863,25.29776,14:11:29  1 Apr 2020
concern-infected,4/1/2020,R,2/13/2020,2/16/2020,AP-NORC,"",427,a,.6722289,.009216,"","",http://www.apnorc.org/PDFs/Omnibus%202020/February/topline_omni_feb_full_v3.pdf,21,19,41,19,19.41954,19.1418,40.99945,20.10251,14:11:29  1 Apr 2020
concern-infected,4/1/2020,R,2/13/2020,2/18/2020,Kaiser Family Foundation,"",346,a,.685572,.0145443,"","",http://files.kff.org/attachment/Topline-KFF-Health-Tracking-Poll-February-2020,17,21,35,26,16.90257,20.78137,36.34479,24.79958,14:11:29  1 Apr 2020
concern-infected,4/1/2020,R,2/16/2020,2/18/2020,YouGov,B-,379,a,.3138157,.0071352,"","",https://d25d2506sfb94s.cloudfront.net/cumulus_uploads/document/m3wzkd0n59/econTabReport.pdf,6,25,46,23,7.47773,24.21306,44.79863,23.29776,14:11:29  1 Apr 2020
concern-infected,4/1/2020,R,2/23/2020,2/25/2020,YouGov,B-,385,a,.2976718,.0182532,"","",https://d25d2506sfb94s.cloudfront.net/cumulus_uploads/document/zye3phsf7t/econTabReport.pdf,10,28,41,21,11.47773,27.21306,39.79863,21.29776,14:11:29  1 Apr 2020
concern-infected,4/1/2020,R,2/26/2020,2/28/2020,YouGov,B-,276,a,.2101319,.016261,"","",https://projects.fivethirtyeight.com/polls/20200318_National_HPYouGov_coronavirus_2.pdf,15,27,30,24,16.47773,26.21306,28.79863,24.29776,14:11:29  1 Apr 2020
concern-infected,4/1/2020,R,3/1/2020,3/3/2020,YouGov,B-,250,a,.1887956,.024187,"","",https://d25d2506sfb94s.cloudfront.net/cumulus_uploads/document/3rdraw493c/econTabReport.pdf,6,27,40,27,7.47773,26.21306,38.79863,27.29776,14:11:29  1 Apr 2020
concern-infected,4/1/2020,R,3/2/2020,3/3/2020,Public Policy Polling,B,329.08,rv,.6027713,.1089159,"","",https://www.protectourcare.org/wp-content/uploads/2020/03/Coronavirus-Poll-Memo-And-Results-3-20.pdf,19,25,33,22,18.05707,25.48022,33.29036,22.09884,14:11:29  1 Apr 2020
concern-infected,4/1/2020,R,3/6/2020,3/8/2020,Global Strategy Group/GBA Strategies,"",340,rv,.3881639,.0837352,"","",https://navigatorresearch.org/wp-content/uploads/2020/03/March-2020-Navigator-Coronavirus-Toplines.pdf,20,28,33,19,18.49661,28.30418,33.48343,19.52752,14:11:29  1 Apr 2020
concern-infected,4/1/2020,R,3/5/2020,3/8/2020,Quinnipiac University,B+,378.3,rv,.7262983,.183527,"","",https://poll.qu.edu/national/release-detail?ReleaseID=3657,9,26,34,29,10.37942,26.67806,33.83932,27.26782,14:11:29  1 Apr 2020
concern-infected,4/1/2020,R,3/8/2020,3/10/2020,YouGov,B-,374,a,.2759073,.0649511,"","",https://docs.cdn.yougov.com/vrbl9mmctz/econTabReport.pdf,10,27,39,24,11.47773,26.21306,37.79863,24.29776,14:11:29  1 Apr 2020
concern-infected,4/1/2020,R,3/10/2020,3/12/2020,YouGov,B-,241,a,.1748937,.0472653,"","",https://big.assets.huffingtonpost.com/athena/files/2020/03/17/5e70fe10c5b63c3b6485b422.pdf,15,31,37,14,16.47773,30.21306,35.79863,14.29776,14:11:29  1 Apr 2020
concern-infected,4/1/2020,R,3/12/2020,3/12/2020,SurveyUSA,A,256,a,.5093848,.1715539,"","",http://www.surveyusa.com/client/PollReport.aspx?g=9e47f895-86aa-4fa6-bc8c-1fd676745cdf,14,30,32,24,13.97916,29.58605,32.37175,24.01356,14:11:29  1 Apr 2020
concern-infected,4/1/2020,R,3/11/2020,3/13/2020,NBC News/Wall Street Journal,A/B,323,rv,.6526944,.2236676,"","",https://www.documentcloud.org/documents/6810602-200149-NBCWSJ-March-Poll-Final-3-14-20-Release.html,6,34,37,23,8.215444,33.4791,35.87523,22.1805,14:11:29  1 Apr 2020
concern-infected,4/1/2020,R,3/11/2020,3/12/2020,Ipsos,B-,128,a,.2364986,.0801405,"","",https://www.ipsos.com/sites/default/files/ct/news/documents/2020-03/topline-abc-news-coronavirus-031320.pdf,15,40,35,10,14.75548,38.30645,34.80555,11.92059,14:11:29  1 Apr 2020
concern-infected,4/1/2020,R,3/11/2020,3/15/2020,Kaiser Family Foundation,"",310,a,.6202533,.2205438,"","",http://files.kff.org/attachment/Topline-KFF-Coronavirus-Poll.pdf,15,35,26,24,14.90256,34.78137,27.34479,22.79958,14:11:29  1 Apr 2020
concern-infected,4/1/2020,R,3/12/2020,3/13/2020,Morning Consult,B/C,703,a,.8182427,.2951259,"","",https://morningconsult.com/wp-content/uploads/2020/03/200344_crosstabs_CORONAVIRUS_ADULTS_Adults_v3_JB.pdf,26.5,30.5,25,13.5,23.76215,30.94739,26.78745,14.94654,14:11:29  1 Apr 2020
concern-infected,4/1/2020,R,3/12/2020,3/16/2020,AP-NORC,"",377,a,.6102812,.2244417,"","",http://www.apnorc.org/projects/Documents/March%20Coronavirus%20topline.pdf,21,35,29,15,19.41954,35.1418,28.99945,16.10251,14:11:29  1 Apr 2020
concern-infected,4/1/2020,R,3/13/2020,3/15/2020,YouGov,B-,230,a,.1646952,.0530951,"","",https://big.assets.huffingtonpost.com/athena/files/2020/03/17/5e70fe10c5b60fb69ddf0b8d.pdf,19,28,36,15,20.47773,27.21306,34.79863,15.29776,14:11:29  1 Apr 2020
concern-infected,4/1/2020,R,3/13/2020,3/16/2020,Survey 160,"",215,rv,.3589844,.149881,"","",https://www.survey160.com/s/US-and-WA-Coronavirus-Survey.pdf,6.5,26,41,26.5,8.45355,27.25186,39.18155,24.92688,14:11:29  1 Apr 2020
concern-infected,4/1/2020,R,3/15/2020,3/17/2020,YouGov,B-,383,a,.2711102,.1118634,"","",https://docs.cdn.yougov.com/fcdckgt368/econTabReport.pdf,9,36,40,16,10.47773,35.21306,38.79863,16.29776,14:11:29  1 Apr 2020
concern-infected,4/1/2020,R,3/18/2020,3/19/2020,SurveyUSA,A,307,a,.5978428,.3409659,"","",http://www.surveyusa.com/client/PollTrack.aspx?g=075e1d86-ab0a-4812-839d-24db3e784017,17,32,32,17,16.97916,31.58605,32.37175,17.01356,14:11:29  1 Apr 2020
concern-infected,4/1/2020,R,3/18/2020,3/19/2020,Emerson College,A-,375,rv,.765124,.4382964,"","",https://emersonpolling.reportablenews.com/pr/march-national-poll-70-of-americans-worried-about-catching-coronavirus,18.4,40.1,30.6,10.9,18.70042,38.9852,30.24291,11.87041,14:11:29  1 Apr 2020
concern-infected,4/1/2020,R,3/18/2020,3/19/2020,Ipsos,B-,152,a,.2793424,.1593509,"","",https://www.ipsos.com/sites/default/files/ct/news/documents/2020-03/topline-abc-news-coronavirus-032020.pdf,23,43,28,6,22.75548,41.30645,27.80556,7.920592,14:11:29  1 Apr 2020
concern-infected,4/1/2020,R,3/18/2020,3/22/2020,Monmouth University,A+,244,a,.5540992,.3389292,"","",https://www.monmouth.edu/polling-institute/documents/monmouthpoll_us_032320.pdf/,24,34,25,17,23.29259,34.30972,25.68455,16.55779,14:11:29  1 Apr 2020
concern-infected,4/1/2020,R,3/20/2020,3/22/2020,YouGov,B-,248,a,.1781636,.1118048,"","",https://big.assets.huffingtonpost.com/athena/files/2020/03/24/5e7a4240c5b63c3b6498205f.pdf,38,32,21,7,39.47773,31.21306,19.79863,7.29776,14:11:29  1 Apr 2020
concern-infected,4/1/2020,R,3/20/2020,3/23/2020,Global Strategy Group/GBA Strategies,"",90.825,rv,.0841608,.0566985,"",T,https://navigatorresearch.org/wp-content/uploads/2020/03/Navigator-Daily-Tracker-Topline-F03.23.20.pdf,24,38.5,26.5,11,22.49661,38.80418,26.98343,11.52752,14:11:29  1 Apr 2020
concern-infected,4/1/2020,R,3/21/2020,3/23/2020,YouGov,B-,506,a,.3663129,.2452011,"","",https://drive.google.com/file/d/1TofJVeuCbZN8cRGBN97kWGqhO6tlQ7VA/view,22,41,27,9,23.47773,40.21306,25.79863,9.297761,14:11:29  1 Apr 2020
concern-infected,4/1/2020,R,3/21/2020,3/24/2020,Fox News/Beacon Research/Shaw & Co. Research,A-,404.4,rv,.8154189,.5937662,"","",https://www.scribd.com/document/453417322/Fox-News-Poll-March-21-24-2020,31,32,24,13,28.77681,33.13883,24.87054,13.06154,14:11:29  1 Apr 2020
concern-infected,4/1/2020,R,3/22/2020,3/24/2020,YouGov,B-,398,a,.2942586,.2089826,"","",https://docs.cdn.yougov.com/bfiid7tfh3/econTabReport.pdf,12,44,29,16,13.47773,43.21306,27.79863,16.29776,14:11:29  1 Apr 2020
concern-infected,4/1/2020,R,3/21/2020,3/24/2020,Global Strategy Group/GBA Strategies,"",88.55,rv,.0811859,.058063,"",T,https://navigatorresearch.org/wp-content/uploads/2020/03/Navigator-Daily-Tracker-Topline-F03.24.20.pdf,22.5,39,27,11.5,20.99661,39.30418,27.48343,12.02752,14:11:29  1 Apr 2020
concern-infected,4/1/2020,R,3/22/2020,3/25/2020,ABC News/Washington Post,A+,240.72,a,.540225,.4143556,"","",https://www.washingtonpost.com/context/washington-post-abc-news-poll-march-22-25-2020/974c3312-5a40-4764-afb1-4bb6b86f1cf4/,19,37,29,14,19.52326,37.03383,28.72785,13.79202,14:11:29  1 Apr 2020
concern-infected,4/1/2020,R,3/22/2020,3/25/2020,Global Strategy Group/GBA Strategies,"",87.7625,rv,.079541,.0602125,"",T,https://navigatorresearch.org/wp-content/uploads/2020/03/Navigator-Daily-Tracker-Topline-F03.25.20.pdf,25,38,24.5,12,23.49661,38.30418,24.98343,12.52752,14:11:29  1 Apr 2020
concern-infected,4/1/2020,R,3/23/2020,3/26/2020,Global Strategy Group/GBA Strategies,"",90.45,rv,.0814744,.0650311,"",T,https://navigatorresearch.org/wp-content/uploads/2020/03/Navigator-Daily-Tracker-Topline-F03.26.20.pdf,26,37,24.5,12,24.49661,37.30418,24.98343,12.52752,14:11:29  1 Apr 2020
concern-infected,4/1/2020,R,3/24/2020,3/25/2020,SurveyUSA,A,333,a,.6556332,.5272972,"","",http://www.surveyusa.com/client/PollReport.aspx?g=a6354d34-2350-49a3-b360-8772ca176a2d,26.5,45,21.5,7,26.47916,44.58605,21.87175,7.013557,14:11:29  1 Apr 2020
concern-infected,4/1/2020,R,3/24/2020,3/27/2020,Global Strategy Group/GBA Strategies,"",89.425,rv,.0804843,.0675173,"",T,https://navigatorresearch.org/wp-content/uploads/2020/03/Navigator-Daily-Tracker-Topline-F03.27.20.pdf,28,37.5,22.5,12,26.49661,37.80418,22.98343,12.52752,14:11:29  1 Apr 2020
concern-infected,4/1/2020,R,3/25/2020,3/30/2020,Global Strategy Group/GBA Strategies,"",61.02,rv,.0553993,.0509454,"",T,https://navigatorresearch.org/wp-content/uploads/2020/03/Navigator-Daily-Tracker-Topline-F03.30.20.pdf,27.5,36,25.5,11.5,25.99661,36.30418,25.98343,12.02752,14:11:29  1 Apr 2020
concern-infected,4/1/2020,R,3/28/2020,3/30/2020,Civiqs,"",406.35,a,.5464757,.5252547,"","",https://civiqs.com/documents/Civiqs_DailyKos_monthly_banner_book_2020_03B_x2nf9sb.pdf,9,34,37,20,12.00832,34.847,34.94158,18.15032,14:11:29  1 Apr 2020
concern-infected,4/1/2020,R,3/26/2020,3/31/2020,Global Strategy Group/GBA Strategies,"",366.12,rv,.335041,.3215759,"",T,https://navigatorresearch.org/wp-content/uploads/2020/04/Navigator-Daily-Tracker-Topline-F03.31.20.pdf,25.5,35,27.5,11.5,23.99661,35.30418,27.98343,12.02752,14:11:29  1 Apr 2020
concern-infected,4/1/2020,R,3/29/2020,3/31/2020,YouGov,B-,397,a,.364384,.364384,"","",https://docs.cdn.yougov.com/p8nwhxp50n/econTabReport.pdf,20,36,33,12,21.47773,35.21306,31.79863,12.29776,14:11:29  1 Apr 2020
concern-economy,4/1/2020,all,1/27/2020,1/29/2020,Morning Consult,B/C,2202,a,.516784,0,"","",https://morningconsult.com/wp-content/uploads/2020/02/200167_crosstabs_CORONAVIRUS_Adults_v2_JB-1.pdf,19,33,23,11,15.80046,35.68588,25.91464,12.80023,14:11:30  1 Apr 2020
concern-economy,4/1/2020,all,1/31/2020,2/2/2020,Morning Consult,B/C,2202,a,.4681469,0,"","",https://morningconsult.com/wp-content/uploads/2020/02/200191_crosstabs_CORONAVIRUS_Adults_v2_JB-1.pdf,26,32,25,7,22.80046,34.68588,27.91464,8.800227,14:11:30  1 Apr 2020
concern-economy,4/1/2020,all,2/7/2020,2/9/2020,Morning Consult,B/C,2200,a,.430448,0,"","",https://morningconsult.com/wp-content/uploads/2020/02/200214_crosstabs_CORONAVIRUS_Adults_v4_JB.pdf,23,32,24,9,19.80046,34.68588,26.91464,10.80023,14:11:30  1 Apr 2020
concern-economy,4/1/2020,all,2/13/2020,2/18/2020,Kaiser Family Foundation,"",1207,a,1.888273,.0684157,"","",http://files.kff.org/attachment/Topline-KFF-Health-Tracking-Poll-February-2020,22,35,28,15,22.37515,35.38875,27.38124,14.21171,14:11:30  1 Apr 2020
concern-economy,4/1/2020,all,2/24/2020,2/26/2020,Morning Consult,B/C,2200,a,.2942218,.0196273,"","",https://morningconsult.com/wp-content/uploads/2020/02/200260_crosstabs_CORONAVIRUS_Adults_v2_JB.pdf,32,37,18,6,28.80046,39.68588,20.91464,7.800227,14:11:30  1 Apr 2020
concern-economy,4/1/2020,all,2/28/2020,3/1/2020,Morning Consult,B/C,2201,a,.2613547,.0314238,"","",https://morningconsult.com/wp-content/uploads/2020/03/200271_crosstabs_CORONAVIRUS_Adults_v2_JB-1.pdf,38,33,13,5,34.80046,35.68588,15.91464,6.800227,14:11:30  1 Apr 2020
concern-economy,4/1/2020,all,3/2/2020,3/3/2020,Public Policy Polling,B,866,rv,1.194909,.2589248,"","",https://www.protectourcare.org/wp-content/uploads/2020/03/Coronavirus-Poll-Memo-And-Results-3-20.pdf,36,36,21,6,35.49965,36.31125,20.32593,6.700985,14:11:30  1 Apr 2020
concern-economy,4/1/2020,all,3/2/2020,3/5/2020,SurveyMonkey,D-,3744,a,.2596209,.0542644,"","",https://www.surveymonkey.com/curiosity/wsj-survey-coronavirus/,34,40,19,6,32.55657,40.22574,19.52447,7.005823,14:11:30  1 Apr 2020
concern-economy,4/1/2020,all,3/3/2020,3/5/2020,Morning Consult,B/C,1990,rv,.2200234,.040322,"","",https://morningconsult.com/wp-content/uploads/2020/03/200311_crosstabs_CORONAVIRUS_RVs_v3_YW.pdf,38,37,12,5,34.80046,39.68588,14.91464,6.800227,14:11:30  1 Apr 2020
concern-economy,4/1/2020,all,3/2/2020,3/8/2020,SurveyMonkey,D-,2593,a,.1762798,.0400154,"","",https://www.surveymonkey.com/curiosity/nyt-march-2020-cci/,33,40,19,6,31.55657,40.22574,19.52447,7.005823,14:11:30  1 Apr 2020
concern-economy,4/1/2020,all,3/6/2020,3/8/2020,Global Strategy Group/GBA Strategies,"",1000,rv,.8386342,.2421022,"","",https://navigatorresearch.org/wp-content/uploads/2020/03/March-2020-Navigator-Coronavirus-Toplines.pdf,36,37,16,11,36.51561,36.83538,16.1921,10.02705,14:11:30  1 Apr 2020
concern-economy,4/1/2020,all,3/6/2020,3/9/2020,Morning Consult,B/C,2200,a,.2327777,.0575685,"","",https://morningconsult.com/wp-content/uploads/2020/03/200326_crosstabs_CORONAVIRUS_Adults_v4_JB.pdf,35,36,14,4,31.80046,38.68588,16.91464,5.800227,14:11:30  1 Apr 2020
concern-economy,4/1/2020,all,3/9/2020,3/10/2020,SurveyMonkey,D-,2111,a,.1443339,.0442001,"","",https://www.surveymonkey.com/curiosity/fortune-poll-coronavirus/,36,39,15,7,34.55657,39.22574,15.52447,8.005823,14:11:30  1 Apr 2020
concern-economy,4/1/2020,all,3/11/2020,3/13/2020,Harris Insights & Analytics,C+,2001,a,.4872737,.1717574,"","",https://www.meettally.com/blog/financial-anxiety-coronavirus/,32,43,15,9,33.53442,40.6592,15.29744,8.857371,14:11:30  1 Apr 2020
concern-economy,4/1/2020,all,3/10/2020,3/14/2020,Morning Consult,B/C,2200,a,.2246031,.0706497,"","",https://morningconsult.com/wp-content/uploads/2020/03/200333_crosstabs_CORONAVIRUS_Adults_v3_JB-2.pdf,45,31,8,5,41.80046,33.68588,10.91464,6.800227,14:11:30  1 Apr 2020
concern-economy,4/1/2020,all,3/12/2020,3/13/2020,Morning Consult,B/C,2201,a,.2237895,.0803252,"","",https://morningconsult.com/wp-content/uploads/2020/03/200344_crosstabs_CORONAVIRUS_ADULTS_Adults_v3_JB.pdf,36,34,13,8,32.80046,36.68588,15.91464,9.800227,14:11:30  1 Apr 2020
concern-economy,4/1/2020,all,3/13/2020,3/16/2020,Morning Consult,B/C,1986,rv,.2037041,.0907682,"","",https://morningconsult.com/wp-content/uploads/2020/03/200346_crosstabs_CORONAVIRUS_TREND_RVs_v3_JB-1.pdf,55,29,6,3,51.80046,31.68588,8.914643,4.800227,14:11:30  1 Apr 2020
concern-economy,4/1/2020,all,3/14/2020,3/15/2020,Harris Insights & Analytics,C+,2050,a,.4665,.2247649,"","",https://theharrispoll.com/wp-content/uploads/2020/03/Harris-Poll-COVID19-Tabs_Wave-2.pdf,44,41,11,5,45.53442,38.6592,11.29744,4.857371,14:11:30  1 Apr 2020
concern-economy,4/1/2020,all,3/13/2020,3/16/2020,Survey 160,"",609,rv,.679083,.3362675,"","",https://www.survey160.com/s/US-and-WA-Coronavirus-Survey.pdf,60,26,10,4,56.77512,27.95385,10.50587,4.508243,14:11:30  1 Apr 2020
concern-economy,4/1/2020,all,3/16/2020,3/17/2020,SurveyMonkey,D-,2960,a,.2309586,.1225107,"","",https://www.surveymonkey.com/curiosity/fortune-poll-coronavirus-update/,61,28,7,3,59.55657,28.22574,7.524467,4.005823,14:11:30  1 Apr 2020
concern-economy,4/1/2020,all,3/17/2020,3/18/2020,Harris Insights & Analytics,C+,2019,a,.4595107,.276341,"","",https://theharrispoll.com/wp-content/uploads/2020/03/j17063-QCovid-PropWtd-Ban12-Sec1-23-Mar-2020.pdf,49,36,11,5,50.53442,33.6592,11.29744,4.857371,14:11:30  1 Apr 2020
concern-economy,4/1/2020,all,3/17/2020,3/20/2020,Morning Consult,B/C,1851,rv,.1996849,.1228976,"","",https://morningconsult.com/wp-content/uploads/2020/03/200371_crosstabs_CORONAVIRUS_TREND_PARTIALS_RVs_v2_JB.pdf,71,19,3,1,67.80046,21.68588,5.914643,2.800227,14:11:30  1 Apr 2020
concern-economy,4/1/2020,all,3/20/2020,3/22/2020,Morning Consult,B/C,2200,a,.2475923,.1732312,"","",https://morningconsult.com/wp-content/uploads/2020/03/200383_crosstabs_CORONAVIRUS_CONTENT_Adults_v4_JB.pdf,71,19,2,1,67.80046,21.68588,4.914643,2.800227,14:11:30  1 Apr 2020
concern-economy,4/1/2020,all,3/21/2020,3/22/2020,Harris Insights & Analytics,C+,2023,a,.5042716,.3811652,"","",https://theharrispoll.com/wp-content/uploads/2020/03/COVID-19-Tracker_Wave-2-4_tabs.pdf,64,28,5,4,65.53442,25.6592,5.297438,3.857371,14:11:30  1 Apr 2020
concern-economy,4/1/2020,all,3/23/2020,3/24/2020,SurveyMonkey,D-,1672,a,.188284,.1537528,"","",https://www.surveymonkey.com/curiosity/fortune-poll-coronavirus-bailouts/,69,22,5,2,67.55657,22.22574,5.524467,3.005823,14:11:30  1 Apr 2020
concern-economy,4/1/2020,all,3/24/2020,3/26/2020,Morning Consult,B/C,2200,a,.2853538,.2479307,"","",https://morningconsult.com/wp-content/uploads/2020/03/200394_crosstabs_CORONAVIRUS_CONTENT_Adults_v4_JB.pdf,70,20,3,2,66.80046,22.68588,5.914643,3.800227,14:11:30  1 Apr 2020
concern-economy,4/1/2020,all,3/26/2020,3/28/2020,RMG Research,"",1000,rv,.8386342,.806068,"","",https://scottrasmussen.com/38-fear-economic-impact-of-pandemic-more-than-health-concerns/,46,38,13,3,50.17325,35.25573,11.40254,3.113027,14:11:30  1 Apr 2020
concern-economy,4/1/2020,all,3/27/2020,3/29/2020,Morning Consult,B/C,2200,a,.3378553,.3378553,"","",https://morningconsult.com/wp-content/uploads/2020/03/2003102_crosstabs_CORONAVIRUS_CONTENT_Adults_v2_JB.pdf,67,22,3,2,63.80046,24.68588,5.914643,3.800227,14:11:30  1 Apr 2020
concern-infected,4/1/2020,all,2/2/2020,2/4/2020,YouGov,B-,1500,a,.5984796,0,"","",https://d25d2506sfb94s.cloudfront.net/cumulus_uploads/document/73jqd6u5mv/econTabReport.pdf,13,26,43,18,16.26082,24.70781,41.35333,18.3061,14:11:30  1 Apr 2020
concern-infected,4/1/2020,all,2/7/2020,2/9/2020,YouGov,B-,1000,a,.3455782,0,"","",https://projects.fivethirtyeight.com/polls/20200318_National_HPYouGov_coronavirus_1.pdf,11,24,33,20,14.26082,22.70781,31.35333,20.3061,14:11:30  1 Apr 2020
concern-infected,4/1/2020,all,2/9/2020,2/11/2020,YouGov,B-,1500,a,.4907546,0,"","",https://d25d2506sfb94s.cloudfront.net/cumulus_uploads/document/79zfxkws33/econTabReport.pdf,11,28,39,22,14.26082,26.70781,37.35333,22.3061,14:11:30  1 Apr 2020
concern-infected,4/1/2020,all,2/13/2020,2/16/2020,AP-NORC,"",1074,a,1.145094,.0150167,"","",http://www.apnorc.org/PDFs/Omnibus%202020/February/topline_omni_feb_full_v3.pdf,22,23,37,19,20.23904,23.29648,37.2086,19.82146,14:11:30  1 Apr 2020
concern-infected,4/1/2020,all,2/13/2020,2/18/2020,Kaiser Family Foundation,"",1207,a,1.780593,.0360397,"","",http://files.kff.org/attachment/Topline-KFF-Health-Tracking-Poll-February-2020,22,21,33,23,20.90872,21.48248,34.45363,21.91575,14:11:30  1 Apr 2020
concern-infected,4/1/2020,all,2/16/2020,2/18/2020,YouGov,B-,1500,a,.4259244,.0087178,"","",https://d25d2506sfb94s.cloudfront.net/cumulus_uploads/document/m3wzkd0n59/econTabReport.pdf,10,28,42,19,13.26082,26.70781,40.35333,19.3061,14:11:30  1 Apr 2020
concern-infected,4/1/2020,all,2/23/2020,2/25/2020,YouGov,B-,1500,a,.3843201,.0214425,"","",https://d25d2506sfb94s.cloudfront.net/cumulus_uploads/document/zye3phsf7t/econTabReport.pdf,10,30,40,20,13.26082,28.70781,38.35333,20.3061,14:11:30  1 Apr 2020
concern-infected,4/1/2020,all,2/26/2020,2/28/2020,YouGov,B-,1000,a,.250193,.0176424,"","",https://projects.fivethirtyeight.com/polls/20200318_National_HPYouGov_coronavirus_2.pdf,16,31,27,16,19.26082,29.70781,25.35333,16.3061,14:11:30  1 Apr 2020
concern-infected,4/1/2020,all,3/1/2020,3/3/2020,YouGov,B-,1500,a,.367818,.0435759,"","",https://d25d2506sfb94s.cloudfront.net/cumulus_uploads/document/3rdraw493c/econTabReport.pdf,14,33,35,18,17.26082,31.70781,33.35333,18.3061,14:11:30  1 Apr 2020
concern-infected,4/1/2020,all,3/2/2020,3/3/2020,Public Policy Polling,B,866,rv,1.194909,.2159103,"","",https://www.protectourcare.org/wp-content/uploads/2020/03/Coronavirus-Poll-Memo-And-Results-3-20.pdf,24,33,30,12,23.22006,32.54597,29.95501,13.25622,14:11:30  1 Apr 2020
concern-infected,4/1/2020,all,3/5/2020,3/8/2020,Quinnipiac University,B+,1261,rv,1.756199,.4437708,"","",https://poll.qu.edu/national/release-detail?ReleaseID=3657,18,36,26,19,19.50038,35.00089,26.70042,17.77806,14:11:30  1 Apr 2020
concern-infected,4/1/2020,all,3/5/2020,3/9/2020,Harris Insights & Analytics,C+,2019,a,1.285795,.3249052,"","",https://theharrispoll.com/wp-content/uploads/2020/03/Harris-COVID19-Wave-1_tabs.pdf,30,32,24,15,27.43967,32.31366,25.45492,15.07261,14:11:30  1 Apr 2020
concern-infected,4/1/2020,all,3/6/2020,3/8/2020,Global Strategy Group/GBA Strategies,"",1000,rv,.5999113,.118956,"","",https://navigatorresearch.org/wp-content/uploads/2020/03/March-2020-Navigator-Coronavirus-Toplines.pdf,28,29,28,15,25.64247,31.31831,27.80408,14.88543,14:11:30  1 Apr 2020
concern-infected,4/1/2020,all,3/8/2020,3/10/2020,YouGov,B-,1500,a,.3615166,.0788051,"","",https://docs.cdn.yougov.com/vrbl9mmctz/econTabReport.pdf,14,35,35,16,17.26082,33.70781,33.35333,16.3061,14:11:30  1 Apr 2020
concern-infected,4/1/2020,all,3/9/2020,3/11/2020,Change Research,C,1541,lv,1.09995,.3373387,"","",https://www.cnbc.com/2020/03/15/americans-worry-coronavirus-will-cause-recession-cnbcchange-research-poll.html,24,26,39,11,23.90967,28.66854,34.98537,12.06658,14:11:30  1 Apr 2020
concern-infected,4/1/2020,all,3/10/2020,3/12/2020,YouGov,B-,1000,a,.2357787,.0594544,"","",https://big.assets.huffingtonpost.com/athena/files/2020/03/17/5e70fe10c5b63c3b6485b422.pdf,23,34,25,10,26.26082,32.70781,23.35333,10.3061,14:11:30  1 Apr 2020
concern-infected,4/1/2020,all,3/12/2020,3/12/2020,SurveyUSA,A,850,a,1.311289,.4305884,"","",http://www.surveyusa.com/client/PollReport.aspx?g=9e47f895-86aa-4fa6-bc8c-1fd676745cdf,18,35,28,17,19.97747,34.49642,27.38012,16.55055,14:11:30  1 Apr 2020
concern-infected,4/1/2020,all,3/11/2020,3/13/2020,NBC News/Wall Street Journal,A/B,900,rv,1.501512,.5145435,"","",https://www.documentcloud.org/documents/6810602-200149-NBCWSJ-March-Poll-Final-3-14-20-Release.html,15,38,31,16,17.8687,37.02314,29.5181,15.25384,14:11:30  1 Apr 2020
concern-infected,4/1/2020,all,3/11/2020,3/12/2020,Ipsos,B-,502,a,.6120035,.2044825,"","",https://www.ipsos.com/sites/default/files/ct/news/documents/2020-03/topline-abc-news-coronavirus-031320.pdf,26,40,26,7,24.86435,37.80995,27.11756,9.036226,14:11:30  1 Apr 2020
concern-infected,4/1/2020,all,3/11/2020,3/15/2020,Kaiser Family Foundation,"",1216,a,1.790584,.6223899,"","",http://files.kff.org/attachment/Topline-KFF-Coronavirus-Poll.pdf,27,36,21,16,25.90872,36.48248,22.45363,14.91575,14:11:30  1 Apr 2020
concern-infected,4/1/2020,all,3/12/2020,3/13/2020,Morning Consult,B/C,2201,a,1.250507,.4510362,"","",https://morningconsult.com/wp-content/uploads/2020/03/200344_crosstabs_CORONAVIRUS_ADULTS_Adults_v3_JB.pdf,30,31.5,19.5,13,28.27329,32.76585,21.63167,13.04979,14:11:30  1 Apr 2020
concern-infected,4/1/2020,all,3/12/2020,3/16/2020,AP-NORC,"",1003,a,1.098866,.3959063,"","",http://www.apnorc.org/projects/Documents/March%20Coronavirus%20topline.pdf,31,35,23,10,29.23904,35.29648,23.2086,10.82146,14:11:30  1 Apr 2020
concern-infected,4/1/2020,all,3/13/2020,3/15/2020,YouGov,B-,1000,a,.2307477,.0702621,"","",https://big.assets.huffingtonpost.com/athena/files/2020/03/17/5e70fe10c5b60fb69ddf0b8d.pdf,28,33,23,9,31.26082,31.70781,21.35333,9.306102,14:11:30  1 Apr 2020
concern-infected,4/1/2020,all,3/13/2020,3/16/2020,Survey 160,"",609,rv,.679083,.2835267,"","",https://www.survey160.com/s/US-and-WA-Coronavirus-Survey.pdf,19,34.5,31.5,15,20.94237,34.84665,29.63529,14.2867,14:11:30  1 Apr 2020
concern-infected,4/1/2020,all,3/15/2020,3/17/2020,YouGov,B-,1500,a,.341784,.1360175,"","",https://docs.cdn.yougov.com/fcdckgt368/econTabReport.pdf,15,41,33,11,18.26082,39.70781,31.35333,11.3061,14:11:30  1 Apr 2020
concern-infected,4/1/2020,all,3/18/2020,3/19/2020,Ipsos,B-,512,a,.623258,.3531161,"","",https://www.ipsos.com/sites/default/files/ct/news/documents/2020-03/topline-abc-news-coronavirus-032020.pdf,34,45,16,5,32.86435,42.80995,17.11756,7.036226,14:11:30  1 Apr 2020
concern-infected,4/1/2020,all,3/18/2020,3/19/2020,SurveyUSA,A,1000,a,1.466708,.8313513,"","",http://www.surveyusa.com/client/PollTrack.aspx?g=075e1d86-ab0a-4812-839d-24db3e784017,20,37,28,12,21.97747,36.49642,27.38012,11.55055,14:11:30  1 Apr 2020
concern-infected,4/1/2020,all,3/18/2020,3/19/2020,Emerson College,A-,1100,rv,1.851708,1.060739,"","",https://emersonpolling.reportablenews.com/pr/march-national-poll-70-of-americans-worried-about-catching-coronavirus,26.8,43.5,22.4,7.3,27.3714,41.49216,22.46779,8.384615,14:11:30  1 Apr 2020
concern-infected,4/1/2020,all,3/18/2020,3/22/2020,Monmouth University,A+,851,a,1.889888,1.155999,"","",https://www.monmouth.edu/polling-institute/documents/monmouthpoll_us_032320.pdf/,38,32,18,12,35.41547,33.5814,19.22297,11.52869,14:11:30  1 Apr 2020
concern-infected,4/1/2020,all,3/20/2020,3/22/2020,YouGov,B-,1000,a,.2329606,.1442367,"","",https://big.assets.huffingtonpost.com/athena/files/2020/03/24/5e7a4240c5b63c3b6498205f.pdf,40,32,18,6,43.26083,30.70781,16.35333,6.306102,14:11:30  1 Apr 2020
concern-infected,4/1/2020,all,3/20/2020,3/23/2020,Global Strategy Group/GBA Strategies,"",259.5,rv,.115698,.0772174,"",T,https://navigatorresearch.org/wp-content/uploads/2020/03/Navigator-Daily-Tracker-Topline-F03.23.20.pdf,35,35.5,21.5,8.5,32.64247,37.81831,21.30408,8.385431,14:11:30  1 Apr 2020
concern-infected,4/1/2020,all,3/21/2020,3/23/2020,YouGov,B-,2190,a,.5155964,.3413282,"","",https://drive.google.com/file/d/1TofJVeuCbZN8cRGBN97kWGqhO6tlQ7VA/view,30,41,20,9,33.26083,39.70781,18.35333,9.306102,14:11:30  1 Apr 2020
concern-infected,4/1/2020,all,3/21/2020,3/24/2020,Global Strategy Group/GBA Strategies,"",253,rv,.1112065,.0789543,"",T,https://navigatorresearch.org/wp-content/uploads/2020/03/Navigator-Daily-Tracker-Topline-F03.24.20.pdf,34,33.5,23,9,31.64247,35.81831,22.80408,8.885431,14:11:30  1 Apr 2020
concern-infected,4/1/2020,all,3/21/2020,3/24/2020,Fox News/Beacon Research/Shaw & Co. Research,A-,1011,rv,1.727279,1.257759,"","",https://www.scribd.com/document/453417322/Fox-News-Poll-March-21-24-2020,38,32,21,9,35.80786,33.90434,20.96478,9.114282,14:11:30  1 Apr 2020
concern-infected,4/1/2020,all,3/22/2020,3/24/2020,YouGov,B-,1500,a,.3641584,.2561137,"","",https://docs.cdn.yougov.com/bfiid7tfh3/econTabReport.pdf,22,42,25,12,25.26082,40.70781,23.35333,12.3061,14:11:30  1 Apr 2020
concern-infected,4/1/2020,all,3/22/2020,3/25/2020,Global Strategy Group/GBA Strategies,"",250.75,rv,.1084443,.0816631,"",T,https://navigatorresearch.org/wp-content/uploads/2020/03/Navigator-Daily-Tracker-Topline-F03.25.20.pdf,35.5,34,21.5,8.5,33.14247,36.31831,21.30408,8.385431,14:11:30  1 Apr 2020
concern-infected,4/1/2020,all,3/22/2020,3/25/2020,ABC News/Washington Post,A+,1003,a,2.112348,1.620183,"","",https://www.washingtonpost.com/context/washington-post-abc-news-poll-march-22-25-2020/974c3312-5a40-4764-afb1-4bb6b86f1cf4/,30,39,20,10,30.38803,38.84294,20.17162,9.708322,14:11:30  1 Apr 2020
concern-infected,4/1/2020,all,3/23/2020,3/26/2020,Global Strategy Group/GBA Strategies,"",251.25,rv,.1077503,.0856789,"",T,https://navigatorresearch.org/wp-content/uploads/2020/03/Navigator-Daily-Tracker-Topline-F03.26.20.pdf,36.5,34.5,20.5,8.5,34.14247,36.81831,20.30408,8.385431,14:11:30  1 Apr 2020
concern-infected,4/1/2020,all,3/24/2020,3/25/2020,SurveyUSA,A,1000,a,1.513737,1.213676,"","",http://www.surveyusa.com/client/PollReport.aspx?g=a6354d34-2350-49a3-b360-8772ca176a2d,32.5,42,17.5,7.5,34.47747,41.49642,16.88012,7.050547,14:11:30  1 Apr 2020
concern-infected,4/1/2020,all,3/24/2020,3/27/2020,Global Strategy Group/GBA Strategies,"",255.5,rv,.109457,.0915729,"",T,https://navigatorresearch.org/wp-content/uploads/2020/03/Navigator-Daily-Tracker-Topline-F03.27.20.pdf,37.5,35.5,18.5,8.5,35.14247,37.81831,18.30408,8.385431,14:11:30  1 Apr 2020
concern-infected,4/1/2020,all,3/26/2020,3/28/2020,RMG Research,"",1000,rv,.8386342,.7409357,"","",https://scottrasmussen.com/38-fear-economic-impact-of-pandemic-more-than-health-concerns/,36,43,16,5,34.76881,41.86443,17.2144,5.984333,14:11:30  1 Apr 2020
concern-infected,4/1/2020,all,3/25/2020,3/30/2020,Global Strategy Group/GBA Strategies,"",169.5,rv,.0735296,.0675378,"",T,https://navigatorresearch.org/wp-content/uploads/2020/03/Navigator-Daily-Tracker-Topline-F03.30.20.pdf,38.5,33.5,19.5,9,36.14247,35.81831,19.30408,8.885431,14:11:30  1 Apr 2020
concern-infected,4/1/2020,all,3/28/2020,3/30/2020,Civiqs,"",1505,a,.9560273,.9189025,"","",https://civiqs.com/documents/Civiqs_DailyKos_monthly_banner_book_2020_03B_x2nf9sb.pdf,19,41,27,11,23.24937,40.57883,24.69761,9.957932,14:11:30  1 Apr 2020
concern-infected,4/1/2020,all,3/26/2020,3/31/2020,Global Strategy Group/GBA Strategies,"",1017,rv,.446149,.4279743,"",T,https://navigatorresearch.org/wp-content/uploads/2020/04/Navigator-Daily-Tracker-Topline-F03.31.20.pdf,37,32,21.5,9.5,34.64247,34.31831,21.30408,9.385431,14:11:30  1 Apr 2020
