subject,modeldate,party,startdate,enddate,pollster,grade,samplesize,population,weight,influence,multiversions,tracking,approve,disapprove,approve_adjusted,disapprove_adjusted,timestamp,url
Trump,4/8/2020,D,2/2/2020,2/4/2020,YouGov,B-,523,a,.50356829,0,"","",21,51,21.83643,52.155201,13:05:04  8 Apr 2020,https://d25d2506sfb94s.cloudfront.net/cumulus_uploads/document/73jqd6u5mv/econTabReport.pdf
Trump,4/8/2020,D,2/7/2020,2/9/2020,Morning Consult,B/C,817,a,.60329542,0,"","",37,37,34.56993,42.165148,13:05:04  8 Apr 2020,https://morningconsult.com/wp-content/uploads/2020/02/200214_crosstabs_CORONAVIRUS_Adults_v4_JB.pdf
Trump,4/8/2020,D,2/9/2020,2/11/2020,YouGov,B-,510,a,.4130127,0,"","",19,50,19.83643,51.155201,13:05:04  8 Apr 2020,https://d25d2506sfb94s.cloudfront.net/cumulus_uploads/document/79zfxkws33/econTabReport.pdf
Trump,4/8/2020,D,2/16/2020,2/18/2020,YouGov,B-,529,a,.35906237,0,"","",11,59,11.83643,60.155201,13:05:04  8 Apr 2020,https://d25d2506sfb94s.cloudfront.net/cumulus_uploads/document/m3wzkd0n59/econTabReport.pdf
Trump,4/8/2020,D,2/23/2020,2/25/2020,YouGov,B-,525,a,.31240303,.00589296,"","",14,56,14.83643,57.155201,13:05:04  8 Apr 2020,https://d25d2506sfb94s.cloudfront.net/cumulus_uploads/document/zye3phsf7t/econTabReport.pdf
Trump,4/8/2020,D,2/24/2020,2/26/2020,Morning Consult,B/C,786,a,.29528817,.00680229,"","",29,49,26.56993,54.165148,13:05:04  8 Apr 2020,https://morningconsult.com/wp-content/uploads/2020/02/200260_crosstabs_CORONAVIRUS_Adults_v2_JB.pdf
Trump,4/8/2020,D,2/26/2020,2/28/2020,YouGov,B-,324,a,.18191093,.00596966,"","",18,70,18.83643,71.155201,13:05:04  8 Apr 2020,https://projects.fivethirtyeight.com/polls/20200318_National_HPYouGov_coronavirus_2.pdf
Trump,4/8/2020,D,2/26/2020,2/28/2020,Harris Insights & Analytics,C+,925,rv,.62780478,.02101017,"","",22,78,18.662476,78.462063,13:05:04  8 Apr 2020,https://harvardharrispoll.com/wp-content/uploads/2020/03/HHP_February2020_RegisteredVoters_Crosstabs.pdf
Trump,4/8/2020,D,2/28/2020,3/1/2020,Morning Consult,B/C,814,a,.26418914,.01154831,"","",23,61,20.56993,66.165148,13:05:04  8 Apr 2020,https://morningconsult.com/wp-content/uploads/2020/03/200271_crosstabs_CORONAVIRUS_Adults_v2_JB-1.pdf
Trump,4/8/2020,D,3/1/2020,3/3/2020,YouGov,B-,622,a,.32395802,.01675997,"","",11,80,11.83643,81.155201,13:05:04  8 Apr 2020,https://d25d2506sfb94s.cloudfront.net/cumulus_uploads/document/3rdraw493c/econTabReport.pdf
Trump,4/8/2020,D,3/2/2020,3/3/2020,Ipsos,B-,527,a,.50179918,.0309354,"","",15,76,14.273441,76.752901,13:05:04  8 Apr 2020,https://www.ipsos.com/sites/default/files/ct/news/documents/2020-03/topline_reuters_coronavirus_03_03_2020.pdf
Trump,4/8/2020,D,3/3/2020,3/5/2020,Morning Consult,B/C,769,rv,.22385817,.01471746,"","",15,72,12.56993,77.165148,13:05:04  8 Apr 2020,https://morningconsult.com/wp-content/uploads/2020/03/200311_crosstabs_CORONAVIRUS_RVs_v3_YW.pdf
Trump,4/8/2020,D,3/2/2020,3/8/2020,SurveyMonkey,D-,1053,a,.53665582,.05444334,"","",16,82,16.235287,80.002673,13:05:04  8 Apr 2020,https://www.surveymonkey.com/curiosity/nyt-march-2020-cci/
Trump,4/8/2020,D,3/4/2020,3/7/2020,SSRS,A/B,411.74,a,.74447253,.07806214,"","",10,84,11.863391,81.747438,13:05:04  8 Apr 2020,"https://cdn.cnn.com/cnn/2020/images/03/09/rel2b.-.trump,.coronavirus.pdf"
Trump,4/8/2020,D,3/6/2020,3/8/2020,Global Strategy Group/GBA Strategies,"",420,rv,.41922893,.04016386,"","",12,80,12.842386,79.478744,13:05:04  8 Apr 2020,https://navigatorresearch.org/wp-content/uploads/2020/03/March-2020-Navigator-Coronavirus-Toplines.pdf
Trump,4/8/2020,D,3/5/2020,3/8/2020,Quinnipiac University,B+,453.96,rv,.84416776,.1069516,"","",10,83,11.69318,81.286585,13:05:04  8 Apr 2020,https://poll.qu.edu/national/release-detail?ReleaseID=3657
Trump,4/8/2020,D,3/6/2020,3/9/2020,Morning Consult,B/C,809,a,.21515292,.02339151,"","",16,72,13.56993,77.165148,13:05:04  8 Apr 2020,https://morningconsult.com/wp-content/uploads/2020/03/200326_crosstabs_CORONAVIRUS_Adults_v4_JB.pdf
Trump,4/8/2020,D,3/8/2020,3/10/2020,YouGov,B-,533,a,.24357706,.02818159,"","",12,78,12.83643,79.155201,13:05:04  8 Apr 2020,https://docs.cdn.yougov.com/vrbl9mmctz/econTabReport.pdf
Trump,4/8/2020,D,3/8/2020,3/9/2020,Harris Insights & Analytics,C+,370,rv,.18863205,.02284071,"","",21,79,17.662476,79.462063,13:05:04  8 Apr 2020,https://thehill.com/hilltv/what-americas-thinking/487327-poll-trump-sees-high-marks-on-the-economy-low-marks-on-handling
Trump,4/8/2020,D,3/10/2020,3/11/2020,YouGov,B-,568,a,.24915387,.03639871,"","",18,74,18.83643,75.155201,13:05:04  8 Apr 2020,https://docs.cdn.yougov.com/ap1p15w9nv/20200311_yahoo_coronavirus_crosstabs.pdf
Trump,4/8/2020,D,3/10/2020,3/12/2020,YouGov,B-,328,a,.14387759,.02101897,"","",16,78,16.83643,79.155201,13:05:04  8 Apr 2020,https://big.assets.huffingtonpost.com/athena/files/2020/03/17/5e70fe10c5b63c3b6485b422.pdf
Trump,4/8/2020,D,3/12/2020,3/12/2020,SurveyUSA,A,337,a,.64708126,.13719711,"","",10,72,9.9601544,73.676848,13:05:04  8 Apr 2020,http://www.surveyusa.com/client/PollTrack.aspx?g=41b2a625-ff4d-4ffa-99b2-de9cc09cdd58
Trump,4/8/2020,D,3/11/2020,3/13/2020,NBC News/Wall Street Journal,A/B,395,rv,.77768987,.16851765,"","",13,84,14.100675,82.257171,13:05:04  8 Apr 2020,https://www.documentcloud.org/documents/6810602-200149-NBCWSJ-March-Poll-Final-3-14-20-Release.html
Trump,4/8/2020,D,3/11/2020,3/12/2020,Ipsos,B-,149,a,.10332031,.01958643,"","",14,86,13.273441,86.752901,13:05:04  8 Apr 2020,https://www.ipsos.com/sites/default/files/ct/news/documents/2020-03/topline-abc-news-coronavirus-031320.pdf
Trump,4/8/2020,D,3/10/2020,3/14/2020,Morning Consult,B/C,754,a,.18970625,.03232725,"","",16,74,13.56993,79.165148,13:05:04  8 Apr 2020,https://morningconsult.com/wp-content/uploads/2020/03/200333_crosstabs_CORONAVIRUS_Adults_v3_JB-2.pdf
Trump,4/8/2020,D,3/13/2020,3/15/2020,YouGov,B-,352,a,.14813329,.02846866,"","",20,75,20.83643,76.155201,13:05:04  8 Apr 2020,https://big.assets.huffingtonpost.com/athena/files/2020/03/17/5e70fe10c5b60fb69ddf0b8d.pdf
Trump,4/8/2020,D,3/13/2020,3/14/2020,Marist College,A+,290.08,rv,.63483581,.1604155,"","",15,83,15.65152,81.67592,13:05:04  8 Apr 2020,http://maristpoll.marist.edu/wp-content/uploads/2020/03/NPR_PBS-NewsHour_Marist-Poll_USA-NOS-and-Tables_2003151338.pdf
Trump,4/8/2020,D,3/14/2020,3/15/2020,Harris Insights & Analytics,C+,779,a,.32256513,.07461159,"","",26,74,22.662476,74.462063,13:05:04  8 Apr 2020,https://theharrispoll.com/wp-content/uploads/2020/03/Harris-Poll-COVID19-Tabs_Wave-2.pdf
Trump,4/8/2020,D,3/13/2020,3/16/2020,Morning Consult,B/C,761,rv,.18439303,.04041086,"","",10,84,7.5699297,89.165148,13:05:04  8 Apr 2020,https://morningconsult.com/wp-content/uploads/2020/03/200346_crosstabs_POLITICO_RVs_v1_AUTO.pdf
Trump,4/8/2020,D,3/13/2020,3/16/2020,Morning Consult,B/C,761,rv,.18439303,.04041086,"","",18,73,15.56993,78.165148,13:05:04  8 Apr 2020,https://morningconsult.com/wp-content/uploads/2020/03/200346_crosstabs_CORONAVIRUS_TREND_RVs_v3_JB-1.pdf
Trump,4/8/2020,D,3/15/2020,3/17/2020,YouGov,B-,511,a,.20803845,.04697107,"","",22,73,22.83643,74.155201,13:05:04  8 Apr 2020,https://docs.cdn.yougov.com/fcdckgt368/econTabReport.pdf
Trump,4/8/2020,D,3/16/2020,3/17/2020,Ipsos,B-,539,a,.32887782,.09394419,"","",21,75,20.273441,75.752901,13:05:04  8 Apr 2020,https://fingfx.thomsonreuters.com/gfx/mkt/13/3563/3524/Topline%20Reuters%20Coronavirus%2003%2017%202020.pdf
Trump,4/8/2020,D,3/17/2020,3/18/2020,Harris Insights & Analytics,C+,744,a,.29173201,.08404134,"","",28,72,24.662476,72.462063,13:05:04  8 Apr 2020,https://theharrispoll.com/wp-content/uploads/2020/04/Wave-2-3_tabs_updated-1.pdf
Trump,4/8/2020,D,3/13/2020,3/22/2020,Gallup,B,314,a,.57947298,.18814586,"","",27,72,25.326971,72.938963,13:05:04  8 Apr 2020,https://news.gallup.com/poll/298313/president-trump-job-approval-rating.aspx
Trump,4/8/2020,D,3/17/2020,3/20/2020,Morning Consult,B/C,725,rv,.17811363,.04975758,"","",26,64,23.56993,69.165148,13:05:04  8 Apr 2020,https://morningconsult.com/wp-content/uploads/2020/03/200371_crosstabs_CORONAVIRUS_TREND_PARTIALS_RVs_v2_JB.pdf
Trump,4/8/2020,D,3/18/2020,3/19/2020,Ipsos,B-,140,a,.08340685,.0269172,"","",30,69,29.273441,69.752901,13:05:04  8 Apr 2020,https://www.ipsos.com/sites/default/files/ct/news/documents/2020-03/topline-abc-news-coronavirus-032020.pdf
Trump,4/8/2020,D,3/18/2020,3/19/2020,Emerson College,A-,402,rv,.81378638,.27887116,"","",20.8,68,20.44382,69.976936,13:05:04  8 Apr 2020,https://emersonpolling.reportablenews.com/pr/march-national-poll-70-of-americans-worried-about-catching-coronavirus
Trump,4/8/2020,D,3/18/2020,3/19/2020,SurveyUSA,A,414,a,.77585622,.26283404,"","",24,68,23.960154,69.676848,13:05:04  8 Apr 2020,http://www.surveyusa.com/client/PollReport.aspx?g=982bb407-60fd-42bc-ac07-080c7af879b2
Trump,4/8/2020,D,3/18/2020,3/22/2020,Monmouth University,A+,282,a,.63948996,.23065288,"","",19,76,19.085523,76.098584,13:05:04  8 Apr 2020,https://www.monmouth.edu/polling-institute/documents/monmouthpoll_us_032320.pdf/
Trump,4/8/2020,D,3/18/2020,3/24/2020,Ipsos,B-,1981,a,1.1524673,.41692461,"","",24,71,23.273441,71.752901,13:05:04  8 Apr 2020,https://fingfx.thomsonreuters.com/gfx/mkt/13/3885/3841/Topline%20Reuters%20Coronavirus%2003%2024%202020.pdf
Trump,4/8/2020,D,3/20/2020,3/22/2020,Morning Consult,B/C,800,a,.19863874,.06182591,"","",25,67,22.56993,72.165148,13:05:04  8 Apr 2020,https://morningconsult.com/wp-content/uploads/2020/03/200383_crosstabs_CORONAVIRUS_CONTENT_Adults_v4_JB.pdf
Trump,4/8/2020,D,3/20/2020,3/22/2020,YouGov,B-,340,a,.12880111,.04077172,"","",27,68,27.83643,69.155201,13:05:04  8 Apr 2020,https://big.assets.huffingtonpost.com/athena/files/2020/03/24/5e7a4240c5b63c3b6498205f.pdf
Trump,4/8/2020,D,3/19/2020,3/22/2020,Rasmussen Reports/Pulse Opinion Research,C+,370,lv,.58476762,.22144075,"","",25,72,23.764691,73.032468,13:05:04  8 Apr 2020,https://www.rasmussenreports.com/platinum/political_tracking_crosstabs/march_2020/crosstabs_trump_response_to_coronavirus_march_19_and_22_2020
Trump,4/8/2020,D,3/21/2020,3/23/2020,YouGov,B-,693,a,.25885126,.0939412,"","",22,78,22.83643,79.155201,13:05:04  8 Apr 2020,https://drive.google.com/file/d/1TofJVeuCbZN8cRGBN97kWGqhO6tlQ7VA/view
Trump,4/8/2020,D,3/19/2020,3/24/2020,Pew Research Center,B/C,6474,a,2.4602639,1.0271947,"","",18,81,18.639857,79.310351,13:05:04  8 Apr 2020,https://www.people-press.org/wp-content/uploads/sites/4/2020/03/PP_2020.03.26_Coronavirus-Impact_FINAL.pdf
Trump,4/8/2020,D,3/20/2020,3/23/2020,Global Strategy Group/GBA Strategies,"",108.99,rv,.08076158,.0295928,"",T,24,72,24.842386,71.478744,13:05:04  8 Apr 2020,https://navigatorresearch.org/wp-content/uploads/2020/03/Navigator-Daily-Tracker-Topline-F03.23.20.pdf
Trump,4/8/2020,D,3/21/2020,3/22/2020,Harris Insights & Analytics,C+,699,a,.26919497,.10365519,"","",32,68,28.662476,68.462063,13:05:04  8 Apr 2020,https://theharrispoll.com/wp-content/uploads/2020/03/COVID-19-Tracker_Wave-2-4_tabs.pdf
Trump,4/8/2020,D,3/21/2020,3/24/2020,Fox News/Beacon Research/Shaw & Co. Research,A-,495.39,rv,.97259781,.44384153,"","",24,74,22.916984,74.697322,13:05:04  8 Apr 2020,https://www.scribd.com/document/453417322/Fox-News-Poll-March-21-24-2020
Trump,4/8/2020,D,3/21/2020,3/24/2020,Global Strategy Group/GBA Strategies,"",106.26,rv,.07680397,.03166544,"",T,23,73,23.842386,72.478744,13:05:04  8 Apr 2020,https://navigatorresearch.org/wp-content/uploads/2020/03/Navigator-Daily-Tracker-Topline-F03.24.20.pdf
Trump,4/8/2020,D,3/22/2020,3/24/2020,YouGov,B-,502,a,.18680095,.07607737,"","",21,74,21.83643,75.155201,13:05:04  8 Apr 2020,https://docs.cdn.yougov.com/bfiid7tfh3/econTabReport.pdf
Trump,4/8/2020,D,3/22/2020,3/23/2020,Harris Insights & Analytics,C+,371,rv,.14417256,.06138808,"","",30,70,26.662476,70.462063,13:05:04  8 Apr 2020,https://thehill.com/hilltv/what-americas-thinking/489920-poll-trumps-approval-on-coronavirus-drops-after-calls-to-reopen
Trump,4/8/2020,D,3/22/2020,3/25/2020,Global Strategy Group/GBA Strategies,"",105.315,rv,.0741864,.0340278,"",T,18,78,18.842386,77.478744,13:05:04  8 Apr 2020,https://navigatorresearch.org/wp-content/uploads/2020/03/Navigator-Daily-Tracker-Topline-F03.25.20.pdf
Trump,4/8/2020,D,3/22/2020,3/25/2020,ABC News/Washington Post,A+,305,a,.68071644,.33707636,"","",17,78,17.573174,77.768203,13:05:04  8 Apr 2020,https://www.washingtonpost.com/context/washington-post-abc-news-poll-march-22-25-2020/974c3312-5a40-4764-afb1-4bb6b86f1cf4/
Trump,4/8/2020,D,3/23/2020,3/26/2020,McLaughlin & Associates,C/D,360,lv,.50457902,.26945086,"","",25,72,23.825403,73.127705,13:05:04  8 Apr 2020,https://mclaughlinonline.com/pols/wp-content/uploads/2020/03/National-Monthly-Omnibus-MARCH-PUBLIC.pdf
Trump,4/8/2020,D,3/24/2020,3/26/2020,Harris Insights & Analytics,C+,903,rv,.36268868,.18340155,*,"",21,79,17.662476,79.462063,13:05:04  8 Apr 2020,https://harvardharrispoll.com/wp-content/uploads/2020/03/HHP_March2020_RegisteredVoters_Crosstabs.pdf
Trump,4/8/2020,D,3/24/2020,3/26/2020,Morning Consult,B/C,782,a,.20576725,.09935909,"","",22,72,19.56993,77.165148,13:05:04  8 Apr 2020,https://morningconsult.com/wp-content/uploads/2020/03/200394_crosstabs_CORONAVIRUS_CONTENT_Adults_v4_JB.pdf
Trump,4/8/2020,D,3/24/2020,3/25/2020,SurveyUSA,A,371,a,.70759872,.37440196,"","",22,76,21.960154,77.676848,13:05:04  8 Apr 2020,http://www.surveyusa.com/client/PollReport.aspx?g=a6354d34-2350-49a3-b360-8772ca176a2d
Trump,4/8/2020,D,3/23/2020,3/26/2020,Global Strategy Group/GBA Strategies,"",105.525,rv,.07289943,.03670931,"",T,17,82,17.842386,81.478744,13:05:04  8 Apr 2020,https://navigatorresearch.org/wp-content/uploads/2020/03/Navigator-Daily-Tracker-Topline-F03.26.20.pdf
Trump,4/8/2020,D,3/24/2020,3/27/2020,Global Strategy Group/GBA Strategies,"",107.31,rv,.07311118,.04000972,"",T,16,81,16.842386,80.478744,13:05:04  8 Apr 2020,https://navigatorresearch.org/wp-content/uploads/2020/03/Navigator-Daily-Tracker-Topline-F03.27.20.pdf
Trump,4/8/2020,D,3/25/2020,3/26/2020,YouGov,B-,565,a,.21188243,.11374521,"","",17,79,17.83643,80.155201,13:05:04  8 Apr 2020,https://docs.cdn.yougov.com/69501vybsd/20200326_yahoo_coronavirus_crosstabs.pdf
Trump,4/8/2020,D,3/26/2020,3/27/2020,Harris Insights & Analytics,C+,351,rv,.15088408,.08802747,"","",29,71,25.662476,71.462063,13:05:04  8 Apr 2020,https://thehill.com/hilltv/what-americas-thinking/489920-poll-trumps-approval-on-coronavirus-drops-after-calls-to-reopen
Trump,4/8/2020,D,3/26/2020,3/29/2020,AP-NORC,"",486.22,a,.7652797,.49782089,"","",14,86,15.438437,83.860921,13:05:04  8 Apr 2020,http://www.apnorc.org/PDFs/March%20Omnibus%202020/topline_gov.pdf
Trump,4/8/2020,D,3/27/2020,3/29/2020,Morning Consult,B/C,827,a,.23373701,.14246366,"","",22,69,19.56993,74.165148,13:05:04  8 Apr 2020,https://morningconsult.com/wp-content/uploads/2020/03/2003102_crosstabs_CORONAVIRUS_CONTENT_Adults_v2_JB.pdf
Trump,4/8/2020,D,3/25/2020,3/30/2020,Global Strategy Group/GBA Strategies,"",71.19,rv,.04768517,.03015369,"",T,19,79,19.842386,78.478744,13:05:04  8 Apr 2020,https://navigatorresearch.org/wp-content/uploads/2020/03/Navigator-Daily-Tracker-Topline-F03.30.20.pdf
Trump,4/8/2020,D,3/26/2020,3/29/2020,Research America Inc.,B/C,999.95,a,1.029948,.66998983,"","",22,,21.303083,,13:05:04  8 Apr 2020,https://projects.fivethirtyeight.com/polls/20200407_National_ResearchAmerica_coronavirus.pdf
Trump,4/8/2020,D,3/26/2020,3/29/2020,Change Research,C,443,lv,.62074151,.40379758,"","",19,81,19.177397,80.144477,13:05:04  8 Apr 2020,https://drive.google.com/file/d/1yFA1QCCOFNkt__W9Zog3MaRMj8RJCw_1/view
Trump,4/8/2020,D,3/25/2020,3/30/2020,YouGov,B-,765,a,.29023399,.18059462,"","",18,83,18.83643,84.155201,13:05:04  8 Apr 2020,https://www.moreincommon.com/media/z4fdmdpa/hidden-tribes_covid-19-polarization-and-the-pandemic-4-3-20.pdf
Trump,4/8/2020,D,3/25/2020,3/30/2020,Kaiser Family Foundation,"",364,a,.73160855,.47591752,"","",21,77,20.713758,77.107925,13:05:04  8 Apr 2020,https://www.kff.org/wp-content/uploads/2020/04/Kaiser-Health-Tracking-Poll_Early-April_Full-Topline_FINAL.pdf
Trump,4/8/2020,D,3/28/2020,3/30/2020,Civiqs,"",496.65,a,.61174736,.42170242,"","",8,87,10.956472,84.627037,13:05:04  8 Apr 2020,https://civiqs.com/documents/Civiqs_DailyKos_monthly_banner_book_2020_03B_x2nf9sb.pdf
Trump,4/8/2020,D,3/27/2020,3/31/2020,YouGov,B-,378,a,.14549103,.09663467,"","",24,75,24.83643,76.155201,13:05:04  8 Apr 2020,https://big.assets.huffingtonpost.com/athena/files/2020/04/02/5e861523c5b6a9491832d32d.pdf
Trump,4/8/2020,D,3/26/2020,3/31/2020,Global Strategy Group/GBA Strategies,"",71.19,rv,.04744414,.03198496,"",T,18,78,18.842386,77.478744,13:05:04  8 Apr 2020,https://navigatorresearch.org/wp-content/uploads/2020/04/Navigator-Daily-Tracker-Topline-F03.31.20.pdf
Trump,4/8/2020,D,3/27/2020,3/30/2020,Selzer & Co.,A+,396,a,.88837317,.61239188,"","",24,72,22.996314,73.308431,13:05:04  8 Apr 2020,https://www.grinnell.edu/sites/default/files/docs/2020-03/GCNP%20April%202020%20Toplines%20and%20Methodology.pdf
Trump,4/8/2020,D,3/27/2020,4/1/2020,Global Strategy Group/GBA Strategies,"",212.1,rv,.14108779,.10095073,"",T,17,80,17.842386,79.478744,13:05:04  8 Apr 2020,https://navigatorresearch.org/wp-content/uploads/2020/04/Navigator-Daily-Tracker-Topline-F04.01.20.pdf
Trump,4/8/2020,D,3/29/2020,3/31/2020,YouGov,B-,540,a,.21197259,.14959593,"","",22,72,22.83643,73.155201,13:05:04  8 Apr 2020,https://docs.cdn.yougov.com/p8nwhxp50n/econTabReport.pdf
Trump,4/8/2020,D,3/31/2020,4/1/2020,Morning Consult,B/C,825,a,.26615122,.207628,"","",20,75,17.56993,80.165148,13:05:04  8 Apr 2020,https://morningconsult.com/wp-content/uploads/2020/04/2003128_crosstabs_CORONAVIRUS_CONTENT_Adults_v2_JB.pdf
Trump,4/8/2020,D,3/30/2020,4/2/2020,Global Strategy Group/GBA Strategies,"",105.84,a,.07145088,.05693463,"",T,16,81,16.842386,80.478744,13:05:04  8 Apr 2020,https://navigatorresearch.org/wp-content/uploads/2020/04/Navigator-Daily-Tracker-Topline-F04.02.20.pdf
Trump,4/8/2020,D,3/31/2020,4/1/2020,YouGov,B-,708,a,.2932201,.23125325,"","",18,83,18.83643,84.155201,13:05:04  8 Apr 2020,https://drive.google.com/file/d/1bgUZsCC8uuAtPUlEgfFySkFuKl-oYjDK/view
Trump,4/8/2020,D,3/31/2020,4/3/2020,Global Strategy Group/GBA Strategies,"",104.685,a,.07153564,.05989752,"",T,18,79,18.842386,78.478744,13:05:04  8 Apr 2020,https://navigatorresearch.org/wp-content/uploads/2020/04/Navigator-Daily-Tracker-Topline-F04.03.20.pdf
Trump,4/8/2020,D,4/1/2020,4/2/2020,Ipsos,B-,163,a,.15569175,.12820281,"","",9,91,8.2734411,91.752901,13:05:04  8 Apr 2020,https://www.ipsos.com/sites/default/files/ct/news/documents/2020-04/topline-abc-coronavirus-trend-wave-3.pdf
Trump,4/8/2020,D,4/2/2020,4/3/2020,Harris Insights & Analytics,C+,345,rv,.20982451,.18177173,"","",26,74,22.662476,74.462063,13:05:04  8 Apr 2020,https://thehill.com/hilltv/491533-poll-voters-split-on-trumps-handling-of-coronavirus-pandemic
Trump,4/8/2020,D,4/3/2020,4/5/2020,Morning Consult,B/C,823,a,.30489677,.27767209,"","",20,75,17.56993,80.165148,13:05:04  8 Apr 2020,https://morningconsult.com/wp-content/uploads/2020/04/200409_crosstabs_CORONAVIRUS_CONTENT_Adults_v4_JB.pdf
Trump,4/8/2020,D,4/1/2020,4/6/2020,Global Strategy Group/GBA Strategies,"",70.21,a,.04966055,.04560377,"",T,18,78,18.842386,77.478744,13:05:04  8 Apr 2020,https://navigatorresearch.org/wp-content/uploads/2020/04/Navigator-Daily-Tracker-Topline-F04.06.20.pdf
Trump,4/8/2020,D,4/3/2020,4/4/2020,YouGov,B-,353,a,.1636279,.14958998,"","",21,73,21.83643,74.155201,13:05:04  8 Apr 2020,https://big.assets.huffingtonpost.com/athena/files/2020/04/07/5e8cfcd3c5b62459a9308880.pdf
Trump,4/8/2020,D,4/2/2020,4/7/2020,Global Strategy Group/GBA Strategies,"",422.94,a,.30554045,.29302311,"",T,19,77,19.842386,76.478744,13:05:04  8 Apr 2020,https://navigatorresearch.org/wp-content/uploads/2020/04/Navigator-Daily-Tracker-Topline-F04.07.20.pdf
Trump,4/8/2020,D,4/3/2020,4/6/2020,SSRS,A/B,350.7,a,.65036067,.62484845,"","",14,85,15.863391,82.747438,13:05:04  8 Apr 2020,https://cdn.cnn.com/cnn/2020/images/04/08/rel4a.-.coronavirus.pdf
Trump,4/8/2020,D,4/5/2020,4/7/2020,YouGov,B-,562,a,.28737961,.28737961,"","",18,76,18.83643,77.155201,13:05:04  8 Apr 2020,https://docs.cdn.yougov.com/ogvntw3mu9/econTabReport.pdf
Trump,4/8/2020,I,2/2/2020,2/4/2020,YouGov,B-,599,a,.5332451,0,"","",39,25,39.722847,28.465465,13:05:04  8 Apr 2020,https://d25d2506sfb94s.cloudfront.net/cumulus_uploads/document/73jqd6u5mv/econTabReport.pdf
Trump,4/8/2020,I,2/7/2020,2/9/2020,Morning Consult,B/C,700,a,.57292752,0,"","",50,22,49.040988,26.060203,13:05:04  8 Apr 2020,https://morningconsult.com/wp-content/uploads/2020/02/200214_crosstabs_CORONAVIRUS_Adults_v4_JB.pdf
Trump,4/8/2020,I,2/9/2020,2/11/2020,YouGov,B-,607,a,.45195769,0,"","",33,25,33.722847,28.465465,13:05:04  8 Apr 2020,https://d25d2506sfb94s.cloudfront.net/cumulus_uploads/document/79zfxkws33/econTabReport.pdf
Trump,4/8/2020,I,2/16/2020,2/18/2020,YouGov,B-,583,a,.36414547,0,"","",36,25,36.722847,28.465465,13:05:04  8 Apr 2020,https://d25d2506sfb94s.cloudfront.net/cumulus_uploads/document/m3wzkd0n59/econTabReport.pdf
Trump,4/8/2020,I,2/23/2020,2/25/2020,YouGov,B-,588,a,.32332135,.00608178,"","",34,26,34.722847,29.465465,13:05:04  8 Apr 2020,https://d25d2506sfb94s.cloudfront.net/cumulus_uploads/document/zye3phsf7t/econTabReport.pdf
Trump,4/8/2020,I,2/24/2020,2/26/2020,Morning Consult,B/C,677,a,.29457328,.00691051,"","",49,24,48.040988,28.060203,13:05:04  8 Apr 2020,https://morningconsult.com/wp-content/uploads/2020/02/200260_crosstabs_CORONAVIRUS_Adults_v2_JB.pdf
Trump,4/8/2020,I,2/26/2020,2/28/2020,Harris Insights & Analytics,C+,735,rv,.58309912,.0202537,"","",46,54,43.247064,51.239124,13:05:04  8 Apr 2020,https://harvardharrispoll.com/wp-content/uploads/2020/03/HHP_February2020_RegisteredVoters_Crosstabs.pdf
Trump,4/8/2020,I,2/26/2020,2/28/2020,YouGov,B-,387,a,.20079373,.00658841,"","",38,35,38.722847,38.465465,13:05:04  8 Apr 2020,https://projects.fivethirtyeight.com/polls/20200318_National_HPYouGov_coronavirus_2.pdf
Trump,4/8/2020,I,2/28/2020,3/1/2020,Morning Consult,B/C,692,a,.26160372,.01161485,"","",41,33,40.040988,37.060203,13:05:04  8 Apr 2020,https://morningconsult.com/wp-content/uploads/2020/03/200271_crosstabs_CORONAVIRUS_Adults_v2_JB-1.pdf
Trump,4/8/2020,I,3/1/2020,3/3/2020,YouGov,B-,618,a,.2984425,.01544772,"","",34,41,34.722847,44.465465,13:05:04  8 Apr 2020,https://d25d2506sfb94s.cloudfront.net/cumulus_uploads/document/3rdraw493c/econTabReport.pdf
Trump,4/8/2020,I,3/2/2020,3/3/2020,Ipsos,B-,102,a,.15619748,.01116119,"","",23,57,23.294152,55.895247,13:05:04  8 Apr 2020,https://www.ipsos.com/sites/default/files/ct/news/documents/2020-03/topline_reuters_coronavirus_03_03_2020.pdf
Trump,4/8/2020,I,3/3/2020,3/5/2020,Morning Consult,B/C,545,rv,.18668965,.01237341,"","",40,42,39.040988,46.060203,13:05:04  8 Apr 2020,https://morningconsult.com/wp-content/uploads/2020/03/200311_crosstabs_CORONAVIRUS_RVs_v3_YW.pdf
Trump,4/8/2020,I,3/2/2020,3/8/2020,SurveyMonkey,D-,344,a,.36798757,.03733207,"","",38,58,38.578676,55.193969,13:05:04  8 Apr 2020,https://www.surveymonkey.com/curiosity/nyt-march-2020-cci/
Trump,4/8/2020,I,3/4/2020,3/7/2020,SSRS,A/B,448.07,a,.79414217,.08282791,"","",37,47,37.382442,46.256119,13:05:04  8 Apr 2020,"https://cdn.cnn.com/cnn/2020/images/03/09/rel2b.-.trump,.coronavirus.pdf"
Trump,4/8/2020,I,3/5/2020,3/8/2020,Quinnipiac University,B+,315.25,rv,.62206855,.0788128,"","",37,50,37.843263,49.08933,13:05:04  8 Apr 2020,https://poll.qu.edu/national/release-detail?ReleaseID=3657
Trump,4/8/2020,I,3/6/2020,3/8/2020,Global Strategy Group/GBA Strategies,"",240,rv,.31623098,.03296007,"","",35,46,35.866349,46.926847,13:05:04  8 Apr 2020,https://navigatorresearch.org/wp-content/uploads/2020/03/March-2020-Navigator-Coronavirus-Toplines.pdf
Trump,4/8/2020,I,3/6/2020,3/9/2020,Morning Consult,B/C,733,a,.22978759,.02513153,"","",36,41,35.040988,45.060203,13:05:04  8 Apr 2020,https://morningconsult.com/wp-content/uploads/2020/03/200326_crosstabs_CORONAVIRUS_Adults_v4_JB.pdf
Trump,4/8/2020,I,3/8/2020,3/10/2020,YouGov,B-,586,a,.24661594,.02883509,"","",42,37,42.722847,40.465465,13:05:04  8 Apr 2020,https://docs.cdn.yougov.com/vrbl9mmctz/econTabReport.pdf
Trump,4/8/2020,I,3/8/2020,3/9/2020,Harris Insights & Analytics,C+,290,rv,.17821292,.02192041,"","",42,58,39.247064,55.239124,13:05:04  8 Apr 2020,https://thehill.com/hilltv/what-americas-thinking/487327-poll-trump-sees-high-marks-on-the-economy-low-marks-on-handling
Trump,4/8/2020,I,3/10/2020,3/12/2020,YouGov,B-,422,a,.17010733,.02519631,"","",39,37,39.722847,40.465465,13:05:04  8 Apr 2020,https://big.assets.huffingtonpost.com/athena/files/2020/03/17/5e70fe10c5b63c3b6485b422.pdf
Trump,4/8/2020,I,3/10/2020,3/11/2020,YouGov,B-,659,a,.26564154,.03934684,"","",35,44,35.722847,47.465465,13:05:04  8 Apr 2020,https://docs.cdn.yougov.com/ap1p15w9nv/20200311_yahoo_coronavirus_crosstabs.pdf
Trump,4/8/2020,I,3/10/2020,3/14/2020,Morning Consult,B/C,753,a,.22404492,.03832406,"","",34,41,33.040988,45.060203,13:05:04  8 Apr 2020,https://morningconsult.com/wp-content/uploads/2020/03/200333_crosstabs_CORONAVIRUS_Adults_v3_JB-2.pdf
Trump,4/8/2020,I,3/11/2020,3/13/2020,NBC News/Wall Street Journal,A/B,108,rv,.23688144,.05132985,"","",43,52,42.908654,51.421797,13:05:04  8 Apr 2020,https://www.documentcloud.org/documents/6810602-200149-NBCWSJ-March-Poll-Final-3-14-20-Release.html
Trump,4/8/2020,I,3/12/2020,3/12/2020,SurveyUSA,A,207,a,.4239666,.09054644,"","",46,42,44.667483,43.542647,13:05:04  8 Apr 2020,http://www.surveyusa.com/client/PollTrack.aspx?g=41b2a625-ff4d-4ffa-99b2-de9cc09cdd58
Trump,4/8/2020,I,3/11/2020,3/12/2020,Ipsos,B-,201,a,.25013206,.05004833,"","",38,61,38.294152,59.895247,13:05:04  8 Apr 2020,https://www.ipsos.com/sites/default/files/ct/news/documents/2020-03/topline-abc-news-coronavirus-031320.pdf
Trump,4/8/2020,I,3/13/2020,3/14/2020,Marist College,A+,235.2,rv,.51915477,.13118427,"","",40,50,40.488383,49.383854,13:05:04  8 Apr 2020,http://maristpoll.marist.edu/wp-content/uploads/2020/03/NPR_PBS-NewsHour_Marist-Poll_USA-NOS-and-Tables_2003151338.pdf
Trump,4/8/2020,I,3/13/2020,3/15/2020,YouGov,B-,415,a,.16150739,.03139705,"","",40,37,40.722847,40.465465,13:05:04  8 Apr 2020,https://big.assets.huffingtonpost.com/athena/files/2020/03/17/5e70fe10c5b60fb69ddf0b8d.pdf
Trump,4/8/2020,I,3/13/2020,3/16/2020,Morning Consult,B/C,547,rv,.15801284,.03460311,"","",35,52,34.040988,56.060203,13:05:04  8 Apr 2020,https://morningconsult.com/wp-content/uploads/2020/03/200346_crosstabs_POLITICO_RVs_v1_AUTO.pdf
Trump,4/8/2020,I,3/14/2020,3/15/2020,Harris Insights & Analytics,C+,509,a,.25778608,.05992825,"","",53,47,50.247064,44.239124,13:05:04  8 Apr 2020,https://theharrispoll.com/wp-content/uploads/2020/03/Harris-Poll-COVID19-Tabs_Wave-2.pdf
Trump,4/8/2020,I,3/13/2020,3/16/2020,Morning Consult,B/C,547,rv,.15801284,.03460311,"","",43,43,42.040988,47.060203,13:05:04  8 Apr 2020,https://morningconsult.com/wp-content/uploads/2020/03/200346_crosstabs_CORONAVIRUS_TREND_RVs_v3_JB-1.pdf
Trump,4/8/2020,I,3/15/2020,3/17/2020,YouGov,B-,593,a,.22473931,.05114872,"","",41,45,41.722847,48.465465,13:05:04  8 Apr 2020,https://docs.cdn.yougov.com/fcdckgt368/econTabReport.pdf
Trump,4/8/2020,I,3/16/2020,3/17/2020,Ipsos,B-,115,a,.13489509,.03902131,"","",46,46,46.294152,44.895247,13:05:04  8 Apr 2020,https://fingfx.thomsonreuters.com/gfx/mkt/13/3563/3524/Topline%20Reuters%20Coronavirus%2003%2017%202020.pdf
Trump,4/8/2020,I,3/13/2020,3/22/2020,Gallup,B,338,a,.61461667,.19955646,"","",60,39,56.414426,40.727988,13:05:04  8 Apr 2020,https://news.gallup.com/poll/298313/president-trump-job-approval-rating.aspx
Trump,4/8/2020,I,3/17/2020,3/18/2020,Harris Insights & Analytics,C+,613,a,.29278864,.08489043,"","",56,44,53.247064,41.239124,13:05:04  8 Apr 2020,https://theharrispoll.com/wp-content/uploads/2020/04/Wave-2-3_tabs_updated-1.pdf
Trump,4/8/2020,I,3/18/2020,3/19/2020,Ipsos,B-,201,a,.23142029,.07543302,"","",53,45,53.294152,43.895247,13:05:04  8 Apr 2020,https://www.ipsos.com/sites/default/files/ct/news/documents/2020-03/topline-abc-news-coronavirus-032020.pdf
Trump,4/8/2020,I,3/18/2020,3/19/2020,Emerson College,A-,323,rv,.66920481,.22932545,"","",44.3,45.8,44.179391,46.055441,13:05:04  8 Apr 2020,https://emersonpolling.reportablenews.com/pr/march-national-poll-70-of-americans-worried-about-catching-coronavirus
Trump,4/8/2020,I,3/18/2020,3/19/2020,SurveyUSA,A,244,a,.49176746,.16721286,"","",48,38,46.667483,39.542647,13:05:04  8 Apr 2020,http://www.surveyusa.com/client/PollReport.aspx?g=982bb407-60fd-42bc-ac07-080c7af879b2
Trump,4/8/2020,I,3/17/2020,3/20/2020,Morning Consult,B/C,512,rv,.14957353,.04182991,"","",51,38,50.040988,42.060203,13:05:04  8 Apr 2020,https://morningconsult.com/wp-content/uploads/2020/03/200371_crosstabs_CORONAVIRUS_TREND_PARTIALS_RVs_v2_JB.pdf
Trump,4/8/2020,I,3/18/2020,3/22/2020,Monmouth University,A+,309,a,.70001608,.25248359,"","",48,48,47.124356,47.811884,13:05:04  8 Apr 2020,https://www.monmouth.edu/polling-institute/documents/monmouthpoll_us_032320.pdf/
Trump,4/8/2020,I,3/18/2020,3/24/2020,Ipsos,B-,428,a,.49076638,.17744877,"","",43,43,43.294152,41.895247,13:05:04  8 Apr 2020,https://fingfx.thomsonreuters.com/gfx/mkt/13/3885/3841/Topline%20Reuters%20Coronavirus%2003%2024%202020.pdf
Trump,4/8/2020,I,3/20/2020,3/22/2020,YouGov,B-,409,a,.14699338,.04645177,"","",40,43,40.722847,46.465465,13:05:04  8 Apr 2020,https://big.assets.huffingtonpost.com/athena/files/2020/03/24/5e7a4240c5b63c3b6498205f.pdf
Trump,4/8/2020,I,3/19/2020,3/22/2020,Rasmussen Reports/Pulse Opinion Research,C+,300,lv,.5037116,.19074633,"","",34,65,36.056926,61.309907,13:05:04  8 Apr 2020,https://www.rasmussenreports.com/platinum/political_tracking_crosstabs/march_2020/crosstabs_trump_response_to_coronavirus_march_19_and_22_2020
Trump,4/8/2020,I,3/20/2020,3/22/2020,Morning Consult,B/C,690,a,.20289762,.06335539,"","",42,45,41.040988,49.060203,13:05:04  8 Apr 2020,https://morningconsult.com/wp-content/uploads/2020/03/200383_crosstabs_CORONAVIRUS_CONTENT_Adults_v4_JB.pdf
Trump,4/8/2020,I,3/21/2020,3/22/2020,Harris Insights & Analytics,C+,663,a,.30962009,.1199938,"","",50,50,47.247064,47.239124,13:05:04  8 Apr 2020,https://theharrispoll.com/wp-content/uploads/2020/03/COVID-19-Tracker_Wave-2-4_tabs.pdf
Trump,4/8/2020,I,3/21/2020,3/23/2020,YouGov,B-,706,a,.2511661,.090885,"","",54,47,54.722847,50.465465,13:05:04  8 Apr 2020,https://drive.google.com/file/d/1TofJVeuCbZN8cRGBN97kWGqhO6tlQ7VA/view
Trump,4/8/2020,I,3/20/2020,3/23/2020,Global Strategy Group/GBA Strategies,"",59.685,rv,.06394734,.02416987,"",T,45,38,45.866349,38.926847,13:05:04  8 Apr 2020,https://navigatorresearch.org/wp-content/uploads/2020/03/Navigator-Daily-Tracker-Topline-F03.23.20.pdf
Trump,4/8/2020,I,3/22/2020,3/23/2020,Harris Insights & Analytics,C+,291,rv,.13723353,.05873671,"","",55,45,52.247064,42.239124,13:05:04  8 Apr 2020,https://thehill.com/hilltv/what-americas-thinking/489920-poll-trumps-approval-on-coronavirus-drops-after-calls-to-reopen
Trump,4/8/2020,I,3/22/2020,3/24/2020,YouGov,B-,593,a,.21091562,.0855916,"","",42,45,42.722847,48.465465,13:05:04  8 Apr 2020,https://docs.cdn.yougov.com/bfiid7tfh3/econTabReport.pdf
Trump,4/8/2020,I,3/21/2020,3/24/2020,Global Strategy Group/GBA Strategies,"",58.19,rv,.06126375,.02584559,"",T,48,43,48.866349,43.926847,13:05:04  8 Apr 2020,https://navigatorresearch.org/wp-content/uploads/2020/03/Navigator-Daily-Tracker-Topline-F03.24.20.pdf
Trump,4/8/2020,I,3/21/2020,3/24/2020,Fox News/Beacon Research/Shaw & Co. Research,A-,111.21,rv,.24563502,.11209466,"","",46,47,45.79084,47.04342,13:05:04  8 Apr 2020,https://www.scribd.com/document/453417322/Fox-News-Poll-March-21-24-2020
Trump,4/8/2020,I,3/22/2020,3/25/2020,Global Strategy Group/GBA Strategies,"",57.6725,rv,.05960856,.02779872,"",T,42,51,42.866349,51.926847,13:05:04  8 Apr 2020,https://navigatorresearch.org/wp-content/uploads/2020/03/Navigator-Daily-Tracker-Topline-F03.25.20.pdf
Trump,4/8/2020,I,3/22/2020,3/25/2020,ABC News/Washington Post,A+,354,a,.78677753,.38959557,"","",49,45,47.907436,45.557011,13:05:04  8 Apr 2020,https://www.washingtonpost.com/context/washington-post-abc-news-poll-march-22-25-2020/974c3312-5a40-4764-afb1-4bb6b86f1cf4/
Trump,4/8/2020,I,3/24/2020,3/25/2020,SurveyUSA,A,242,a,.4927833,.26159939,"","",49,46,47.667483,47.542647,13:05:04  8 Apr 2020,http://www.surveyusa.com/client/PollReport.aspx?g=a6354d34-2350-49a3-b360-8772ca176a2d
Trump,4/8/2020,I,3/24/2020,3/26/2020,Harris Insights & Analytics,C+,647,rv,.31560418,.16015849,*,"",43.5,56.5,40.747064,53.739124,13:05:04  8 Apr 2020,https://harvardharrispoll.com/wp-content/uploads/2020/03/HHP_March2020_RegisteredVoters_Crosstabs.pdf
Trump,4/8/2020,I,3/23/2020,3/26/2020,Global Strategy Group/GBA Strategies,"",55.275,rv,.05634204,.02872143,"",T,47,43,47.866349,43.926847,13:05:04  8 Apr 2020,https://navigatorresearch.org/wp-content/uploads/2020/03/Navigator-Daily-Tracker-Topline-F03.26.20.pdf
Trump,4/8/2020,I,3/23/2020,3/26/2020,McLaughlin & Associates,C/D,310,lv,.45927348,.24525719,"","",47,48,46.389598,47.916129,13:05:04  8 Apr 2020,https://mclaughlinonline.com/pols/wp-content/uploads/2020/03/National-Monthly-Omnibus-MARCH-PUBLIC.pdf
Trump,4/8/2020,I,3/24/2020,3/26/2020,Morning Consult,B/C,729,a,.22568504,.10930094,"","",47,38,46.040988,42.060203,13:05:04  8 Apr 2020,https://morningconsult.com/wp-content/uploads/2020/03/200394_crosstabs_CORONAVIRUS_CONTENT_Adults_v4_JB.pdf
Trump,4/8/2020,I,3/25/2020,3/26/2020,YouGov,B-,659,a,.23939087,.12791106,"","",40,44,40.722847,47.465465,13:05:04  8 Apr 2020,https://docs.cdn.yougov.com/69501vybsd/20200326_yahoo_coronavirus_crosstabs.pdf
Trump,4/8/2020,I,3/24/2020,3/27/2020,Global Strategy Group/GBA Strategies,"",58.765,rv,.05931297,.03276072,"",T,46,44,46.866349,44.926847,13:05:04  8 Apr 2020,https://navigatorresearch.org/wp-content/uploads/2020/03/Navigator-Daily-Tracker-Topline-F03.27.20.pdf
Trump,4/8/2020,I,3/26/2020,3/27/2020,Harris Insights & Analytics,C+,275,rv,.1429631,.083679,"","",48,52,45.247064,49.239124,13:05:04  8 Apr 2020,https://thehill.com/hilltv/what-americas-thinking/489920-poll-trumps-approval-on-coronavirus-drops-after-calls-to-reopen
Trump,4/8/2020,I,3/27/2020,3/29/2020,Morning Consult,B/C,679,a,.22516598,.13753258,"","",48,38,47.040988,42.060203,13:05:04  8 Apr 2020,https://morningconsult.com/wp-content/uploads/2020/03/2003102_crosstabs_CORONAVIRUS_CONTENT_Adults_v2_JB.pdf
Trump,4/8/2020,I,3/26/2020,3/29/2020,AP-NORC,"",169.12,a,.33451107,.21760226,"","",41,57,41.45587,55.621614,13:05:04  8 Apr 2020,http://www.apnorc.org/PDFs/March%20Omnibus%202020/topline_gov.pdf
Trump,4/8/2020,I,3/25/2020,3/30/2020,Global Strategy Group/GBA Strategies,"",37.29,rv,.03720963,.02365805,"",T,53,36,53.866349,36.926847,13:05:04  8 Apr 2020,https://navigatorresearch.org/wp-content/uploads/2020/03/Navigator-Daily-Tracker-Topline-F03.30.20.pdf
Trump,4/8/2020,I,3/25/2020,3/30/2020,YouGov,B-,491,a,.18225955,.11288986,"","",55,44,55.722847,47.465465,13:05:04  8 Apr 2020,https://www.moreincommon.com/media/z4fdmdpa/hidden-tribes_covid-19-polarization-and-the-pandemic-4-3-20.pdf
Trump,4/8/2020,I,3/26/2020,3/29/2020,Change Research,C,400,lv,.5824569,.37889311,"","",40,60,40.938302,57.168444,13:05:04  8 Apr 2020,https://drive.google.com/file/d/1yFA1QCCOFNkt__W9Zog3MaRMj8RJCw_1/view
Trump,4/8/2020,I,3/25/2020,3/30/2020,Kaiser Family Foundation,"",418,a,.8250938,.53673046,"","",51,45,49.337728,45.688676,13:05:04  8 Apr 2020,https://www.kff.org/wp-content/uploads/2020/04/Kaiser-Health-Tracking-Poll_Early-April_Full-Topline_FINAL.pdf
Trump,4/8/2020,I,3/28/2020,3/30/2020,Civiqs,"",602,a,.67526251,.465486,"","",43,49,43.247648,48.724564,13:05:04  8 Apr 2020,https://civiqs.com/documents/Civiqs_DailyKos_monthly_banner_book_2020_03B_x2nf9sb.pdf
Trump,4/8/2020,I,3/27/2020,3/30/2020,Selzer & Co.,A+,237,a,.53621737,.36963652,"","",42,47,42.355231,47.180399,13:05:04  8 Apr 2020,https://www.grinnell.edu/sites/default/files/docs/2020-03/GCNP%20April%202020%20Toplines%20and%20Methodology.pdf
Trump,4/8/2020,I,3/27/2020,3/31/2020,YouGov,B-,382,a,.14395205,.0952519,"","",47,43,47.722847,46.465465,13:05:04  8 Apr 2020,https://big.assets.huffingtonpost.com/athena/files/2020/04/02/5e861523c5b6a9491832d32d.pdf
Trump,4/8/2020,I,3/26/2020,3/31/2020,Global Strategy Group/GBA Strategies,"",37.29,rv,.03709178,.02511097,"",T,51,38,51.866349,38.926847,13:05:04  8 Apr 2020,https://navigatorresearch.org/wp-content/uploads/2020/04/Navigator-Daily-Tracker-Topline-F03.31.20.pdf
Trump,4/8/2020,I,3/29/2020,3/31/2020,YouGov,B-,558,a,.21459564,.15097821,"","",47,37,47.722847,40.465465,13:05:04  8 Apr 2020,https://docs.cdn.yougov.com/p8nwhxp50n/econTabReport.pdf
Trump,4/8/2020,I,3/27/2020,4/1/2020,Global Strategy Group/GBA Strategies,"",111.1,rv,.11042667,.07926966,"",T,43,39,43.866349,39.926847,13:05:04  8 Apr 2020,https://navigatorresearch.org/wp-content/uploads/2020/04/Navigator-Daily-Tracker-Topline-F04.01.20.pdf
Trump,4/8/2020,I,3/29/2020,4/1/2020,IBD/TIPP,A/B,999.95,a,2.0392008,1.5640785,"","",34,47,36.978288,47.357293,13:05:04  8 Apr 2020,https://projects.fivethirtyeight.com/polls/20200407_National.xlsx
Trump,4/8/2020,I,3/30/2020,4/2/2020,Global Strategy Group/GBA Strategies,"",55.44,a,.05580777,.04456295,"",T,44,43,44.866349,43.926847,13:05:04  8 Apr 2020,https://navigatorresearch.org/wp-content/uploads/2020/04/Navigator-Daily-Tracker-Topline-F04.02.20.pdf
Trump,4/8/2020,I,3/31/2020,4/1/2020,Morning Consult,B/C,683,a,.25608952,.20011049,"","",42,45,41.040988,49.060203,13:05:04  8 Apr 2020,https://morningconsult.com/wp-content/uploads/2020/04/2003128_crosstabs_CORONAVIRUS_CONTENT_Adults_v2_JB.pdf
Trump,4/8/2020,I,3/31/2020,4/1/2020,YouGov,B-,703,a,.28559167,.2248021,"","",52,48,52.722847,51.465465,13:05:04  8 Apr 2020,https://drive.google.com/file/d/1bgUZsCC8uuAtPUlEgfFySkFuKl-oYjDK/view
Trump,4/8/2020,I,3/31/2020,4/3/2020,Global Strategy Group/GBA Strategies,"",54.835,a,.05575329,.04676003,"",T,37,47,37.866349,47.926847,13:05:04  8 Apr 2020,https://navigatorresearch.org/wp-content/uploads/2020/04/Navigator-Daily-Tracker-Topline-F04.03.20.pdf
Trump,4/8/2020,I,4/1/2020,4/2/2020,Ipsos,B-,228,a,.31957725,.26671861,"","",45,54,45.294152,52.895247,13:05:04  8 Apr 2020,https://www.ipsos.com/sites/default/files/ct/news/documents/2020-04/topline-abc-coronavirus-trend-wave-3.pdf
Trump,4/8/2020,I,4/2/2020,4/3/2020,Harris Insights & Analytics,C+,271,rv,.19438523,.16864727,"","",44,56,41.247064,53.239124,13:05:04  8 Apr 2020,https://thehill.com/hilltv/491533-poll-voters-split-on-trumps-handling-of-coronavirus-pandemic
Trump,4/8/2020,I,4/3/2020,4/4/2020,YouGov,B-,426,a,.19371193,.17699171,"","",50,40,50.722847,43.465465,13:05:04  8 Apr 2020,https://big.assets.huffingtonpost.com/athena/files/2020/04/07/5e8cfcd3c5b62459a9308880.pdf
Trump,4/8/2020,I,4/1/2020,4/6/2020,Global Strategy Group/GBA Strategies,"",36.776667,a,.03844063,.03533081,"",T,36,52,36.866349,52.926847,13:05:04  8 Apr 2020,https://navigatorresearch.org/wp-content/uploads/2020/04/Navigator-Daily-Tracker-Topline-F04.06.20.pdf
Trump,4/8/2020,I,4/3/2020,4/5/2020,Morning Consult,B/C,693,a,.29626973,.27000168,"","",44,43,43.040988,47.060203,13:05:04  8 Apr 2020,https://morningconsult.com/wp-content/uploads/2020/04/200409_crosstabs_CORONAVIRUS_CONTENT_Adults_v4_JB.pdf
Trump,4/8/2020,I,4/3/2020,4/6/2020,SSRS,A/B,410.82,a,.73918541,.71017277,"","",45,52,45.382442,51.256119,13:05:04  8 Apr 2020,https://cdn.cnn.com/cnn/2020/images/04/08/rel4a.-.coronavirus.pdf
Trump,4/8/2020,I,4/2/2020,4/7/2020,Global Strategy Group/GBA Strategies,"",221.54,a,.2354577,.22591292,"",T,38,49,38.866349,49.926847,13:05:04  8 Apr 2020,https://navigatorresearch.org/wp-content/uploads/2020/04/Navigator-Daily-Tracker-Topline-F04.07.20.pdf
Trump,4/8/2020,I,4/5/2020,4/7/2020,YouGov,B-,573,a,.2882559,.2882559,"","",41,48,41.722847,51.465465,13:05:04  8 Apr 2020,https://docs.cdn.yougov.com/ogvntw3mu9/econTabReport.pdf
Trump,4/8/2020,R,2/2/2020,2/4/2020,YouGov,B-,376,a,.43100286,0,"","",75,6,74.551654,7.4194335,13:05:05  8 Apr 2020,https://d25d2506sfb94s.cloudfront.net/cumulus_uploads/document/73jqd6u5mv/econTabReport.pdf
Trump,4/8/2020,R,2/7/2020,2/9/2020,Morning Consult,B/C,684,a,.55653442,0,"","",88,4,87.303323,5.3227259,13:05:05  8 Apr 2020,https://morningconsult.com/wp-content/uploads/2020/02/200214_crosstabs_CORONAVIRUS_Adults_v4_JB.pdf
Trump,4/8/2020,R,2/9/2020,2/11/2020,YouGov,B-,378,a,.37392123,0,"","",74,7,73.551654,8.4194335,13:05:05  8 Apr 2020,https://d25d2506sfb94s.cloudfront.net/cumulus_uploads/document/79zfxkws33/econTabReport.pdf
Trump,4/8/2020,R,2/16/2020,2/18/2020,YouGov,B-,381,a,.32406957,0,"","",78,8,77.551654,9.4194335,13:05:05  8 Apr 2020,https://d25d2506sfb94s.cloudfront.net/cumulus_uploads/document/m3wzkd0n59/econTabReport.pdf
Trump,4/8/2020,R,2/23/2020,2/25/2020,YouGov,B-,386,a,.29550131,.00581017,"","",77,7,76.551654,8.4194335,13:05:05  8 Apr 2020,https://d25d2506sfb94s.cloudfront.net/cumulus_uploads/document/zye3phsf7t/econTabReport.pdf
Trump,4/8/2020,R,2/24/2020,2/26/2020,Morning Consult,B/C,737,a,.3074752,.0071971,"","",84,7,83.303323,8.3227259,13:05:05  8 Apr 2020,https://morningconsult.com/wp-content/uploads/2020/02/200260_crosstabs_CORONAVIRUS_Adults_v2_JB.pdf
Trump,4/8/2020,R,2/26/2020,2/28/2020,Harris Insights & Analytics,C+,848,rv,.61749872,.02115374,"","",82,18,82.452091,15.365079,13:05:05  8 Apr 2020,https://harvardharrispoll.com/wp-content/uploads/2020/03/HHP_February2020_RegisteredVoters_Crosstabs.pdf
Trump,4/8/2020,R,2/26/2020,2/28/2020,YouGov,B-,278,a,.20329491,.00690999,"","",89,6,88.551654,7.4194335,13:05:05  8 Apr 2020,https://projects.fivethirtyeight.com/polls/20200318_National_HPYouGov_coronavirus_2.pdf
Trump,4/8/2020,R,2/28/2020,3/1/2020,Morning Consult,B/C,694,a,.25196765,.01114127,"","",84,7,83.303323,8.3227259,13:05:05  8 Apr 2020,https://morningconsult.com/wp-content/uploads/2020/03/200271_crosstabs_CORONAVIRUS_Adults_v2_JB-1.pdf
Trump,4/8/2020,R,3/1/2020,3/3/2020,YouGov,B-,250,a,.17329865,.00916266,"","",85,8,84.551654,9.4194335,13:05:05  8 Apr 2020,https://d25d2506sfb94s.cloudfront.net/cumulus_uploads/document/3rdraw493c/econTabReport.pdf
Trump,4/8/2020,R,3/2/2020,3/3/2020,Ipsos,B-,396,a,.4246756,.02668669,"","",75,13,75.743975,12.65868,13:05:05  8 Apr 2020,https://www.ipsos.com/sites/default/files/ct/news/documents/2020-03/topline_reuters_coronavirus_03_03_2020.pdf
Trump,4/8/2020,R,3/3/2020,3/5/2020,Morning Consult,B/C,675,rv,.22055341,.01464433,"","",79,9,78.303323,10.322726,13:05:05  8 Apr 2020,https://morningconsult.com/wp-content/uploads/2020/03/200311_crosstabs_CORONAVIRUS_RVs_v3_YW.pdf
Trump,4/8/2020,R,3/2/2020,3/8/2020,SurveyMonkey,D-,1128,a,.54471016,.05526045,"","",86,13,84.948184,12.509261,13:05:05  8 Apr 2020,https://www.surveymonkey.com/curiosity/nyt-march-2020-cci/
Trump,4/8/2020,R,3/4/2020,3/7/2020,SSRS,A/B,351.19,a,.65712528,.06955233,"","",79,11,79.355259,11.419048,13:05:05  8 Apr 2020,"https://cdn.cnn.com/cnn/2020/images/03/09/rel2b.-.trump,.coronavirus.pdf"
Trump,4/8/2020,R,3/6/2020,3/8/2020,Global Strategy Group/GBA Strategies,"",340,rv,.37507989,.03655738,"","",79,13,79.359034,12.759244,13:05:05  8 Apr 2020,https://navigatorresearch.org/wp-content/uploads/2020/03/March-2020-Navigator-Coronavirus-Toplines.pdf
Trump,4/8/2020,R,3/5/2020,3/8/2020,Quinnipiac University,B+,378.3,rv,.72629834,.09201816,"","",87,7,86.065594,8.0366049,13:05:05  8 Apr 2020,https://poll.qu.edu/national/release-detail?ReleaseID=3657
Trump,4/8/2020,R,3/6/2020,3/9/2020,Morning Consult,B/C,658,a,.19715874,.02157888,"","",81,10,80.303323,11.322726,13:05:05  8 Apr 2020,https://morningconsult.com/wp-content/uploads/2020/03/200326_crosstabs_CORONAVIRUS_Adults_v4_JB.pdf
Trump,4/8/2020,R,3/8/2020,3/10/2020,YouGov,B-,374,a,.22609967,.02686303,"","",82,8,81.551654,9.4194335,13:05:05  8 Apr 2020,https://docs.cdn.yougov.com/vrbl9mmctz/econTabReport.pdf
Trump,4/8/2020,R,3/8/2020,3/9/2020,Harris Insights & Analytics,C+,320,rv,.17906685,.02186067,"","",82,18,82.452091,15.365079,13:05:05  8 Apr 2020,https://thehill.com/hilltv/what-americas-thinking/487327-poll-trump-sees-high-marks-on-the-economy-low-marks-on-handling
Trump,4/8/2020,R,3/10/2020,3/12/2020,YouGov,B-,241,a,.13968717,.02096863,"","",88,8,87.551654,9.4194335,13:05:05  8 Apr 2020,https://big.assets.huffingtonpost.com/athena/files/2020/03/17/5e70fe10c5b63c3b6485b422.pdf
Trump,4/8/2020,R,3/10/2020,3/11/2020,YouGov,B-,406,a,.23532362,.03532475,"","",84,10,83.551654,11.419434,13:05:05  8 Apr 2020,https://docs.cdn.yougov.com/ap1p15w9nv/20200311_yahoo_coronavirus_crosstabs.pdf
Trump,4/8/2020,R,3/10/2020,3/14/2020,Morning Consult,B/C,693,a,.19629771,.03368524,"","",83,11,82.303323,12.322726,13:05:05  8 Apr 2020,https://morningconsult.com/wp-content/uploads/2020/03/200333_crosstabs_CORONAVIRUS_Adults_v3_JB-2.pdf
Trump,4/8/2020,R,3/12/2020,3/12/2020,SurveyUSA,A,256,a,.50938483,.10831451,"","",80,15,78.989313,15.848147,13:05:05  8 Apr 2020,http://www.surveyusa.com/client/PollTrack.aspx?g=41b2a625-ff4d-4ffa-99b2-de9cc09cdd58
Trump,4/8/2020,R,3/11/2020,3/13/2020,NBC News/Wall Street Journal,A/B,323,rv,.65269443,.14143238,"","",81,14,81.5541,13.526214,13:05:05  8 Apr 2020,https://www.documentcloud.org/documents/6810602-200149-NBCWSJ-March-Poll-Final-3-14-20-Release.html
Trump,4/8/2020,R,3/11/2020,3/12/2020,Ipsos,B-,128,a,.10122236,.01933046,"","",86,11,86.743975,10.65868,13:05:05  8 Apr 2020,https://www.ipsos.com/sites/default/files/ct/news/documents/2020-03/topline-abc-news-coronavirus-031320.pdf
Trump,4/8/2020,R,3/13/2020,3/14/2020,Marist College,A+,243.04,rv,.5358022,.13539088,"","",85,11,84.786454,11.154389,13:05:05  8 Apr 2020,http://maristpoll.marist.edu/wp-content/uploads/2020/03/NPR_PBS-NewsHour_Marist-Poll_USA-NOS-and-Tables_2003151338.pdf
Trump,4/8/2020,R,3/13/2020,3/15/2020,YouGov,B-,233,a,.12953296,.02557173,"","",89,6,88.551654,7.4194335,13:05:05  8 Apr 2020,https://big.assets.huffingtonpost.com/athena/files/2020/03/17/5e70fe10c5b60fb69ddf0b8d.pdf
Trump,4/8/2020,R,3/13/2020,3/16/2020,Morning Consult,B/C,677,rv,.18486324,.04078881,"","",83,10,82.303323,11.322726,13:05:05  8 Apr 2020,https://morningconsult.com/wp-content/uploads/2020/03/200346_crosstabs_CORONAVIRUS_TREND_RVs_v3_JB-1.pdf
Trump,4/8/2020,R,3/14/2020,3/15/2020,Harris Insights & Analytics,C+,659,a,.3022344,.07005787,"","",85,15,85.452091,12.365079,13:05:05  8 Apr 2020,https://theharrispoll.com/wp-content/uploads/2020/03/Harris-Poll-COVID19-Tabs_Wave-2.pdf
Trump,4/8/2020,R,3/13/2020,3/16/2020,Morning Consult,B/C,677,rv,.18486324,.04078881,"","",79,14,78.303323,15.322726,13:05:05  8 Apr 2020,https://morningconsult.com/wp-content/uploads/2020/03/200346_crosstabs_POLITICO_RVs_v1_AUTO.pdf
Trump,4/8/2020,R,3/15/2020,3/17/2020,YouGov,B-,382,a,.20538649,.04761803,"","",82,13,81.551654,14.419434,13:05:05  8 Apr 2020,https://docs.cdn.yougov.com/fcdckgt368/econTabReport.pdf
Trump,4/8/2020,R,3/16/2020,3/17/2020,Ipsos,B-,387,a,.27028499,.07754836,"","",82,15,82.743975,14.65868,13:05:05  8 Apr 2020,https://fingfx.thomsonreuters.com/gfx/mkt/13/3563/3524/Topline%20Reuters%20Coronavirus%2003%2017%202020.pdf
Trump,4/8/2020,R,3/17/2020,3/18/2020,Harris Insights & Analytics,C+,662,a,.28746949,.08300511,"","",86,14,86.452091,11.365079,13:05:05  8 Apr 2020,https://theharrispoll.com/wp-content/uploads/2020/04/Wave-2-3_tabs_updated-1.pdf
Trump,4/8/2020,R,3/13/2020,3/22/2020,Gallup,B,318,a,.58540273,.19007115,"","",94,6,91.955786,7.2542534,13:05:05  8 Apr 2020,https://news.gallup.com/poll/298313/president-trump-job-approval-rating.aspx
Trump,4/8/2020,R,3/18/2020,3/19/2020,Ipsos,B-,152,a,.10331824,.03352771,"","",92,8,92.743975,7.6586797,13:05:05  8 Apr 2020,https://www.ipsos.com/sites/default/files/ct/news/documents/2020-03/topline-abc-news-coronavirus-032020.pdf
Trump,4/8/2020,R,3/18/2020,3/19/2020,SurveyUSA,A,307,a,.59784278,.20286141,"","",90,6,88.989313,6.8481466,13:05:05  8 Apr 2020,http://www.surveyusa.com/client/PollReport.aspx?g=982bb407-60fd-42bc-ac07-080c7af879b2
Trump,4/8/2020,R,3/17/2020,3/20/2020,Morning Consult,B/C,614,rv,.17040944,.04788755,"","",87,9,86.303323,10.322726,13:05:05  8 Apr 2020,https://morningconsult.com/wp-content/uploads/2020/03/200371_crosstabs_CORONAVIRUS_TREND_PARTIALS_RVs_v2_JB.pdf
Trump,4/8/2020,R,3/18/2020,3/19/2020,Emerson College,A-,375,rv,.76512397,.26219536,"","",83.5,9.2,83.730176,9.8181132,13:05:05  8 Apr 2020,https://emersonpolling.reportablenews.com/pr/march-national-poll-70-of-americans-worried-about-catching-coronavirus
Trump,4/8/2020,R,3/18/2020,3/22/2020,Monmouth University,A+,244,a,.55409921,.19985392,"","",89,7,88.172423,7.929919,13:05:05  8 Apr 2020,https://www.monmouth.edu/polling-institute/documents/monmouthpoll_us_032320.pdf/
Trump,4/8/2020,R,3/18/2020,3/24/2020,Ipsos,B-,1680,a,1.1144362,.40515319,"","",83,13,83.743975,12.65868,13:05:05  8 Apr 2020,https://fingfx.thomsonreuters.com/gfx/mkt/13/3885/3841/Topline%20Reuters%20Coronavirus%2003%2024%202020.pdf
Trump,4/8/2020,R,3/19/2020,3/22/2020,Rasmussen Reports/Pulse Opinion Research,C+,330,lv,.53965588,.20435777,"","",77,22,78.658088,19.836501,13:05:05  8 Apr 2020,https://www.rasmussenreports.com/platinum/political_tracking_crosstabs/march_2020/crosstabs_trump_response_to_coronavirus_march_19_and_22_2020
Trump,4/8/2020,R,3/20/2020,3/22/2020,Morning Consult,B/C,709,a,.1991162,.06230003,"","",85,7,84.303323,8.3227259,13:05:05  8 Apr 2020,https://morningconsult.com/wp-content/uploads/2020/03/200383_crosstabs_CORONAVIRUS_CONTENT_Adults_v4_JB.pdf
Trump,4/8/2020,R,3/20/2020,3/22/2020,YouGov,B-,250,a,.12560017,.04061458,"","",85,11,84.551654,12.419434,13:05:05  8 Apr 2020,https://big.assets.huffingtonpost.com/athena/files/2020/03/24/5e7a4240c5b63c3b6498205f.pdf
Trump,4/8/2020,R,3/21/2020,3/23/2020,YouGov,B-,507,a,.25162412,.09279611,"","",91,9,90.551654,10.419434,13:05:05  8 Apr 2020,https://drive.google.com/file/d/1TofJVeuCbZN8cRGBN97kWGqhO6tlQ7VA/view
Trump,4/8/2020,R,3/20/2020,3/23/2020,Global Strategy Group/GBA Strategies,"",90.825,rv,.07512152,.02777232,"",T,89,7,89.359034,6.7592435,13:05:05  8 Apr 2020,https://navigatorresearch.org/wp-content/uploads/2020/03/Navigator-Daily-Tracker-Topline-F03.23.20.pdf
Trump,4/8/2020,R,3/21/2020,3/22/2020,Harris Insights & Analytics,C+,661,a,.28171699,.10872378,"","",87,13,87.452091,10.365079,13:05:05  8 Apr 2020,https://theharrispoll.com/wp-content/uploads/2020/03/COVID-19-Tracker_Wave-2-4_tabs.pdf
Trump,4/8/2020,R,3/19/2020,3/24/2020,Pew Research Center,B/C,4738,a,2.3193436,.96835848,"","",83,17,83.667882,15.104962,13:05:05  8 Apr 2020,https://www.people-press.org/wp-content/uploads/sites/4/2020/03/PP_2020.03.26_Coronavirus-Impact_FINAL.pdf
Trump,4/8/2020,R,3/22/2020,3/24/2020,YouGov,B-,399,a,.19752559,.08145677,"","",89,7,88.551654,8.4194335,13:05:05  8 Apr 2020,https://docs.cdn.yougov.com/bfiid7tfh3/econTabReport.pdf
Trump,4/8/2020,R,3/22/2020,3/23/2020,Harris Insights & Analytics,C+,321,rv,.13810625,.05891328,"","",86,14,86.452091,11.365079,13:05:05  8 Apr 2020,https://thehill.com/hilltv/what-americas-thinking/489920-poll-trumps-approval-on-coronavirus-drops-after-calls-to-reopen
Trump,4/8/2020,R,3/21/2020,3/24/2020,Fox News/Beacon Research/Shaw & Co. Research,A-,404.4,rv,.8154189,.3721135,"","",86,13,85.726546,12.772241,13:05:05  8 Apr 2020,https://www.scribd.com/document/453417322/Fox-News-Poll-March-21-24-2020
Trump,4/8/2020,R,3/21/2020,3/24/2020,Global Strategy Group/GBA Strategies,"",88.55,rv,.07150897,.02968803,"",T,88,8,88.359034,7.7592435,13:05:05  8 Apr 2020,https://navigatorresearch.org/wp-content/uploads/2020/03/Navigator-Daily-Tracker-Topline-F03.24.20.pdf
Trump,4/8/2020,R,3/22/2020,3/25/2020,ABC News/Washington Post,A+,243,a,.54523483,.26998874,"","",86,12,85.79582,12.005052,13:05:05  8 Apr 2020,https://www.washingtonpost.com/context/washington-post-abc-news-poll-march-22-25-2020/974c3312-5a40-4764-afb1-4bb6b86f1cf4/
Trump,4/8/2020,R,3/22/2020,3/25/2020,Global Strategy Group/GBA Strategies,"",87.7625,rv,.06916128,.03188674,"",T,84,11,84.359034,10.759244,13:05:05  8 Apr 2020,https://navigatorresearch.org/wp-content/uploads/2020/03/Navigator-Daily-Tracker-Topline-F03.25.20.pdf
Trump,4/8/2020,R,3/23/2020,3/26/2020,Global Strategy Group/GBA Strategies,"",90.45,rv,.06995699,.03536654,"",T,87,11,87.359034,10.759244,13:05:05  8 Apr 2020,https://navigatorresearch.org/wp-content/uploads/2020/03/Navigator-Daily-Tracker-Topline-F03.26.20.pdf
Trump,4/8/2020,R,3/24/2020,3/26/2020,Morning Consult,B/C,689,a,.20566463,.09948604,"","",85,11,84.303323,12.322726,13:05:05  8 Apr 2020,https://morningconsult.com/wp-content/uploads/2020/03/200394_crosstabs_CORONAVIRUS_CONTENT_Adults_v4_JB.pdf
Trump,4/8/2020,R,3/23/2020,3/26/2020,McLaughlin & Associates,C/D,330,lv,.47800186,.25525836,"","",88,11,87.346593,11.22099,13:05:05  8 Apr 2020,https://mclaughlinonline.com/pols/wp-content/uploads/2020/03/National-Monthly-Omnibus-MARCH-PUBLIC.pdf
Trump,4/8/2020,R,3/24/2020,3/25/2020,SurveyUSA,A,333,a,.65563321,.34762683,"","",91,8,89.989313,8.8481466,13:05:05  8 Apr 2020,http://www.surveyusa.com/client/PollReport.aspx?g=a6354d34-2350-49a3-b360-8772ca176a2d
Trump,4/8/2020,R,3/24/2020,3/26/2020,Harris Insights & Analytics,C+,782,rv,.34780292,.17611564,*,"",80.5,19.5,80.952091,16.865079,13:05:05  8 Apr 2020,https://harvardharrispoll.com/wp-content/uploads/2020/03/HHP_March2020_RegisteredVoters_Crosstabs.pdf
Trump,4/8/2020,R,3/25/2020,3/26/2020,YouGov,B-,355,a,.17793739,.09607518,"","",84,13,83.551654,14.419434,13:05:05  8 Apr 2020,https://docs.cdn.yougov.com/69501vybsd/20200326_yahoo_coronavirus_crosstabs.pdf
Trump,4/8/2020,R,3/24/2020,3/27/2020,Global Strategy Group/GBA Strategies,"",89.425,rv,.06824227,.03745989,"",T,85,13,85.359034,12.759244,13:05:05  8 Apr 2020,https://navigatorresearch.org/wp-content/uploads/2020/03/Navigator-Daily-Tracker-Topline-F03.27.20.pdf
Trump,4/8/2020,R,3/26/2020,3/27/2020,Harris Insights & Analytics,C+,303,rv,.14404358,.08414279,"","",76,24,76.452091,21.365079,13:05:05  8 Apr 2020,https://thehill.com/hilltv/what-americas-thinking/489920-poll-trumps-approval-on-coronavirus-drops-after-calls-to-reopen
Trump,4/8/2020,R,3/25/2020,3/30/2020,Global Strategy Group/GBA Strategies,"",61.02,rv,.04578528,.0290086,"",T,85,14,85.359034,13.759244,13:05:05  8 Apr 2020,https://navigatorresearch.org/wp-content/uploads/2020/03/Navigator-Daily-Tracker-Topline-F03.30.20.pdf
Trump,4/8/2020,R,3/26/2020,3/29/2020,AP-NORC,"",401.66,a,.66860588,.43493375,"","",82,17,82.738627,15.825098,13:05:05  8 Apr 2020,http://www.apnorc.org/PDFs/March%20Omnibus%202020/topline_gov.pdf
Trump,4/8/2020,R,3/26/2020,3/29/2020,Research America Inc.,B/C,999.95,a,1.029948,.66998983,"","",73,,76.731208,,13:05:05  8 Apr 2020,https://projects.fivethirtyeight.com/polls/20200407_National_ResearchAmerica_coronavirus.pdf
Trump,4/8/2020,R,3/25/2020,3/30/2020,YouGov,B-,491,a,.24919746,.15561428,"","",94,6,93.551654,7.4194335,13:05:05  8 Apr 2020,https://www.moreincommon.com/media/z4fdmdpa/hidden-tribes_covid-19-polarization-and-the-pandemic-4-3-20.pdf
Trump,4/8/2020,R,3/25/2020,3/30/2020,Kaiser Family Foundation,"",311,a,.63647777,.41403415,"","",87,11,86.610411,11.207797,13:05:05  8 Apr 2020,https://www.kff.org/wp-content/uploads/2020/04/Kaiser-Health-Tracking-Poll_Early-April_Full-Topline_FINAL.pdf
Trump,4/8/2020,R,3/26/2020,3/29/2020,Change Research,C,370,lv,.55391947,.36032927,"","",90,10,88.900115,10.450484,13:05:05  8 Apr 2020,https://drive.google.com/file/d/1yFA1QCCOFNkt__W9Zog3MaRMj8RJCw_1/view
Trump,4/8/2020,R,3/27/2020,3/29/2020,Morning Consult,B/C,694,a,.223267,.13614294,"","",85,11,84.303323,12.322726,13:05:05  8 Apr 2020,https://morningconsult.com/wp-content/uploads/2020/03/2003102_crosstabs_CORONAVIRUS_CONTENT_Adults_v2_JB.pdf
Trump,4/8/2020,R,3/26/2020,3/31/2020,Global Strategy Group/GBA Strategies,"",61.02,rv,.04554808,.03075431,"",T,83,14,83.359034,13.759244,13:05:05  8 Apr 2020,https://navigatorresearch.org/wp-content/uploads/2020/04/Navigator-Daily-Tracker-Topline-F03.31.20.pdf
Trump,4/8/2020,R,3/27/2020,3/30/2020,Selzer & Co.,A+,333,a,.74955535,.5166991,"","",86,10,85.835717,10.426056,13:05:05  8 Apr 2020,https://www.grinnell.edu/sites/default/files/docs/2020-03/GCNP%20April%202020%20Toplines%20and%20Methodology.pdf
Trump,4/8/2020,R,3/28/2020,3/30/2020,Civiqs,"",406.35,a,.54647566,.37670798,"","",89,7,88.116038,8.1675352,13:05:05  8 Apr 2020,https://civiqs.com/documents/Civiqs_DailyKos_monthly_banner_book_2020_03B_x2nf9sb.pdf
Trump,4/8/2020,R,3/27/2020,3/31/2020,YouGov,B-,236,a,.1213791,.0808577,"","",88,11,87.551654,12.419434,13:05:05  8 Apr 2020,https://big.assets.huffingtonpost.com/athena/files/2020/04/02/5e861523c5b6a9491832d32d.pdf
Trump,4/8/2020,R,3/29/2020,3/31/2020,YouGov,B-,399,a,.20882309,.14774363,"","",89,10,88.551654,11.419434,13:05:05  8 Apr 2020,https://docs.cdn.yougov.com/p8nwhxp50n/econTabReport.pdf
Trump,4/8/2020,R,3/27/2020,4/1/2020,Global Strategy Group/GBA Strategies,"",181.8,rv,.13541138,.0970089,"",T,86,12,86.359034,11.759244,13:05:05  8 Apr 2020,https://navigatorresearch.org/wp-content/uploads/2020/04/Navigator-Daily-Tracker-Topline-F04.01.20.pdf
Trump,4/8/2020,R,3/31/2020,4/1/2020,YouGov,B-,561,a,.30829756,.24355899,"","",90,10,89.551654,11.419434,13:05:05  8 Apr 2020,https://drive.google.com/file/d/1bgUZsCC8uuAtPUlEgfFySkFuKl-oYjDK/view
Trump,4/8/2020,R,3/30/2020,4/2/2020,Global Strategy Group/GBA Strategies,"",90.72,a,.06847637,.0546081,"",T,88,12,88.359034,11.759244,13:05:05  8 Apr 2020,https://navigatorresearch.org/wp-content/uploads/2020/04/Navigator-Daily-Tracker-Topline-F04.02.20.pdf
Trump,4/8/2020,R,3/31/2020,4/1/2020,Morning Consult,B/C,692,a,.25446475,.19852775,"","",85,11,84.303323,12.322726,13:05:05  8 Apr 2020,https://morningconsult.com/wp-content/uploads/2020/04/2003128_crosstabs_CORONAVIRUS_CONTENT_Adults_v2_JB.pdf
Trump,4/8/2020,R,3/31/2020,4/3/2020,Global Strategy Group/GBA Strategies,"",89.73,a,.06849055,.05738364,"",T,85,14,85.359034,13.759244,13:05:05  8 Apr 2020,https://navigatorresearch.org/wp-content/uploads/2020/04/Navigator-Daily-Tracker-Topline-F04.03.20.pdf
Trump,4/8/2020,R,4/1/2020,4/2/2020,Ipsos,B-,148,a,.15404386,.12717638,"","",91,9,91.743975,8.6586797,13:05:05  8 Apr 2020,https://www.ipsos.com/sites/default/files/ct/news/documents/2020-04/topline-abc-coronavirus-trend-wave-3.pdf
Trump,4/8/2020,R,4/2/2020,4/3/2020,Harris Insights & Analytics,C+,299,rv,.19885762,.17238646,"","",82,18,82.452091,15.365079,13:05:05  8 Apr 2020,https://thehill.com/hilltv/491533-poll-voters-split-on-trumps-handling-of-coronavirus-pandemic
Trump,4/8/2020,R,4/3/2020,4/5/2020,Morning Consult,B/C,684,a,.28838125,.26265061,"","",88,11,87.303323,12.322726,13:05:05  8 Apr 2020,https://morningconsult.com/wp-content/uploads/2020/04/200409_crosstabs_CORONAVIRUS_CONTENT_Adults_v4_JB.pdf
Trump,4/8/2020,R,4/3/2020,4/4/2020,YouGov,B-,216,a,.13207124,.12081941,"","",86,12,85.551654,13.419434,13:05:05  8 Apr 2020,https://big.assets.huffingtonpost.com/athena/files/2020/04/07/5e8cfcd3c5b62459a9308880.pdf
Trump,4/8/2020,R,4/1/2020,4/6/2020,Global Strategy Group/GBA Strategies,"",60.18,a,.04742575,.04356511,"",T,86,13,86.359034,12.759244,13:05:05  8 Apr 2020,https://navigatorresearch.org/wp-content/uploads/2020/04/Navigator-Daily-Tracker-Topline-F04.06.20.pdf
Trump,4/8/2020,R,4/3/2020,4/6/2020,SSRS,A/B,250.5,a,.48956933,.47038387,"","",88,9,88.355259,9.419048,13:05:05  8 Apr 2020,https://cdn.cnn.com/cnn/2020/images/04/08/rel4a.-.coronavirus.pdf
Trump,4/8/2020,R,4/2/2020,4/7/2020,Global Strategy Group/GBA Strategies,"",362.52,a,.29134311,.27945175,"",T,84,14,84.359034,13.759244,13:05:05  8 Apr 2020,https://navigatorresearch.org/wp-content/uploads/2020/04/Navigator-Daily-Tracker-Topline-F04.07.20.pdf
Trump,4/8/2020,R,4/5/2020,4/7/2020,YouGov,B-,362,a,.24227095,.24227095,"","",88,8,87.551654,9.4194335,13:05:05  8 Apr 2020,https://docs.cdn.yougov.com/ogvntw3mu9/econTabReport.pdf
Trump,4/8/2020,all,2/2/2020,2/4/2020,YouGov,B-,1500,a,.70801484,0,"","",41,30,42.549185,31.704024,13:05:05  8 Apr 2020,https://d25d2506sfb94s.cloudfront.net/cumulus_uploads/document/73jqd6u5mv/econTabReport.pdf
Trump,4/8/2020,all,2/7/2020,2/9/2020,Morning Consult,B/C,2200,a,.78655611,0,"","",57,22,55.056106,26.359846,13:05:05  8 Apr 2020,https://morningconsult.com/wp-content/uploads/2020/02/200214_crosstabs_CORONAVIRUS_Adults_v4_JB.pdf
Trump,4/8/2020,all,2/9/2020,2/11/2020,YouGov,B-,1500,a,.56249478,0,"","",39,29,40.549185,30.704024,13:05:05  8 Apr 2020,https://d25d2506sfb94s.cloudfront.net/cumulus_uploads/document/79zfxkws33/econTabReport.pdf
Trump,4/8/2020,all,2/16/2020,2/18/2020,YouGov,B-,1500,a,.44882147,0,"","",39,32,40.549185,33.704024,13:05:05  8 Apr 2020,https://d25d2506sfb94s.cloudfront.net/cumulus_uploads/document/m3wzkd0n59/econTabReport.pdf
Trump,4/8/2020,all,2/23/2020,2/25/2020,YouGov,B-,1500,a,.3850786,.00476413,"","",39,31,40.549185,32.704024,13:05:05  8 Apr 2020,https://d25d2506sfb94s.cloudfront.net/cumulus_uploads/document/zye3phsf7t/econTabReport.pdf
Trump,4/8/2020,all,2/24/2020,2/26/2020,Morning Consult,B/C,2200,a,.34556565,.00602994,"","",54,27,52.056106,31.359846,13:05:05  8 Apr 2020,https://morningconsult.com/wp-content/uploads/2020/02/200260_crosstabs_CORONAVIRUS_Adults_v2_JB.pdf
Trump,4/8/2020,all,2/26/2020,2/28/2020,YouGov,B-,1000,a,.23906068,.00587806,"","",45,38,46.549185,39.704024,13:05:05  8 Apr 2020,https://projects.fivethirtyeight.com/polls/20200318_National_HPYouGov_coronavirus_2.pdf
Trump,4/8/2020,all,2/26/2020,2/28/2020,Harris Insights & Analytics,C+,2592,rv,.80946686,.02103935,"","",48,52,45.987469,49.839906,13:05:05  8 Apr 2020,https://harvardharrispoll.com/wp-content/uploads/2020/03/HHP_February2020_RegisteredVoters_Crosstabs.pdf
Trump,4/8/2020,all,2/28/2020,3/1/2020,Morning Consult,B/C,2201,a,.2930621,.01092957,"","",48,35,46.056106,39.359846,13:05:05  8 Apr 2020,https://morningconsult.com/wp-content/uploads/2020/03/200271_crosstabs_CORONAVIRUS_Adults_v2_JB-1.pdf
Trump,4/8/2020,all,3/1/2020,3/3/2020,YouGov,B-,1500,a,.3273639,.01348021,"","",37,47,38.549185,48.704024,13:05:05  8 Apr 2020,https://d25d2506sfb94s.cloudfront.net/cumulus_uploads/document/3rdraw493c/econTabReport.pdf
Trump,4/8/2020,all,3/2/2020,3/3/2020,Ipsos,B-,1115,a,.51385898,.02477149,"","",38,47,39.201511,46.505563,13:05:05  8 Apr 2020,https://www.ipsos.com/sites/default/files/ct/news/documents/2020-03/topline_reuters_coronavirus_03_03_2020.pdf
Trump,4/8/2020,all,3/3/2020,3/5/2020,Morning Consult,B/C,1990,rv,.23529676,.01379604,"","",44,42,42.056106,46.359846,13:05:05  8 Apr 2020,https://morningconsult.com/wp-content/uploads/2020/03/200311_crosstabs_CORONAVIRUS_RVs_v3_YW.pdf
Trump,4/8/2020,all,3/2/2020,3/8/2020,SurveyMonkey,D-,2593,a,.61832266,.05824779,"","",47,48,46.34519,47.315146,13:05:05  8 Apr 2020,https://www.surveymonkey.com/curiosity/nyt-march-2020-cci/
Trump,4/8/2020,all,3/4/2020,3/7/2020,SSRS,A/B,1211,a,1.5572153,.14686024,"","",41,48,42.406355,46.751719,13:05:05  8 Apr 2020,"https://cdn.cnn.com/cnn/2020/images/03/09/rel2b.-.trump,.coronavirus.pdf"
Trump,4/8/2020,all,3/6/2020,3/8/2020,Global Strategy Group/GBA Strategies,"",1000,rv,.5762147,.0414069,"","",42,49,42.334691,48.335789,13:05:05  8 Apr 2020,https://navigatorresearch.org/wp-content/uploads/2020/03/March-2020-Navigator-Coronavirus-Toplines.pdf
Trump,4/8/2020,all,3/5/2020,3/8/2020,Quinnipiac University,B+,1261,rv,1.7561994,.19089124,"","",43,49,43.789069,48.160857,13:05:05  8 Apr 2020,https://poll.qu.edu/national/release-detail?ReleaseID=3657
Trump,4/8/2020,all,3/6/2020,3/9/2020,Morning Consult,B/C,2200,a,.23546196,.02152817,"","",42,43,40.056106,47.359846,13:05:05  8 Apr 2020,https://morningconsult.com/wp-content/uploads/2020/03/200326_crosstabs_CORONAVIRUS_Adults_v4_JB.pdf
Trump,4/8/2020,all,3/8/2020,3/9/2020,Harris Insights & Analytics,C+,1001,rv,.22241264,.02231405,"","",47,53,44.987469,50.839906,13:05:05  8 Apr 2020,https://thehill.com/hilltv/what-americas-thinking/487327-poll-trump-sees-high-marks-on-the-economy-low-marks-on-handling
Trump,4/8/2020,all,3/8/2020,3/10/2020,YouGov,B-,1500,a,.27320655,.02511369,"","",41,43,42.549185,44.704024,13:05:05  8 Apr 2020,https://docs.cdn.yougov.com/vrbl9mmctz/econTabReport.pdf
Trump,4/8/2020,all,3/9/2020,3/11/2020,Change Research,C,1541,lv,.7940992,.09975122,"","",42,58,43.283051,53.956957,13:05:05  8 Apr 2020,https://www.cnbc.com/2020/03/15/americans-worry-coronavirus-will-cause-recession-cnbcchange-research-poll.html
Trump,4/8/2020,all,3/9/2020,3/10/2020,Ipsos,B-,1113,a,.34776286,.04449181,"","",39,49,40.201511,48.505563,13:05:05  8 Apr 2020,https://www.ipsos.com/en-us/news-polls/reuters-ipsos-data-core-political-2020-03-11
Trump,4/8/2020,all,3/10/2020,3/11/2020,YouGov,B-,1635,a,.28124241,.03395731,"","",41,46,42.549185,47.704024,13:05:05  8 Apr 2020,https://docs.cdn.yougov.com/ap1p15w9nv/20200311_yahoo_coronavirus_crosstabs.pdf
Trump,4/8/2020,all,3/10/2020,3/12/2020,YouGov,B-,1000,a,.17201371,.020769,"","",44,43,45.549185,44.704024,13:05:05  8 Apr 2020,https://big.assets.huffingtonpost.com/athena/files/2020/03/17/5e70fe10c5b63c3b6485b422.pdf
Trump,4/8/2020,all,3/10/2020,3/14/2020,Morning Consult,B/C,2200,a,.22159679,.03373427,"","",43,42,41.056106,46.359846,13:05:05  8 Apr 2020,https://morningconsult.com/wp-content/uploads/2020/03/200333_crosstabs_CORONAVIRUS_Adults_v3_JB-2.pdf
Trump,4/8/2020,all,3/12/2020,3/12/2020,SurveyUSA,A,850,a,1.3112893,.24855295,"","",46,46,44.858094,47.425046,13:05:05  8 Apr 2020,http://www.surveyusa.com/client/PollTrack.aspx?g=41b2a625-ff4d-4ffa-99b2-de9cc09cdd58
Trump,4/8/2020,all,3/11/2020,3/13/2020,NBC News/Wall Street Journal,A/B,900,rv,1.4233705,.27148215,"","",45,51,44.875988,50.551001,13:05:05  8 Apr 2020,https://www.documentcloud.org/documents/6810602-200149-NBCWSJ-March-Poll-Final-3-14-20-Release.html
Trump,4/8/2020,all,3/11/2020,3/12/2020,Ipsos,B-,502,a,.14670771,.02386807,"","",43,54,44.201511,53.505563,13:05:05  8 Apr 2020,https://www.ipsos.com/sites/default/files/ct/news/documents/2020-03/topline-abc-news-coronavirus-031320.pdf
Trump,4/8/2020,all,3/13/2020,3/14/2020,Marist College,A+,835,a,1.6848558,.39541731,"","",44,49,44.822169,48.316523,13:05:05  8 Apr 2020,http://maristpoll.marist.edu/wp-content/uploads/2020/03/NPR_PBS-NewsHour_Marist-Poll_USA-NOS-and-Tables_2003151338.pdf
Trump,4/8/2020,all,3/13/2020,3/15/2020,YouGov,B-,1000,a,.1597709,.02663803,"","",44,43,45.549185,44.704024,13:05:05  8 Apr 2020,https://big.assets.huffingtonpost.com/athena/files/2020/03/17/5e70fe10c5b60fb69ddf0b8d.pdf
Trump,4/8/2020,all,3/13/2020,3/16/2020,Morning Consult,B/C,1986,rv,.19240031,.03851456,"","",41,51,39.056106,55.359846,13:05:05  8 Apr 2020,https://morningconsult.com/wp-content/uploads/2020/03/200346_crosstabs_POLITICO_RVs_v1_AUTO.pdf
Trump,4/8/2020,all,3/13/2020,3/16/2020,Morning Consult,B/C,1986,rv,.19240031,.03851456,"","",47,43,45.056106,47.359846,13:05:05  8 Apr 2020,https://morningconsult.com/wp-content/uploads/2020/03/200346_crosstabs_CORONAVIRUS_TREND_RVs_v3_JB-1.pdf
Trump,4/8/2020,all,3/14/2020,3/15/2020,Harris Insights & Analytics,C+,2050,a,.35459065,.0744493,"","",51,49,48.987469,46.839906,13:05:05  8 Apr 2020,https://theharrispoll.com/wp-content/uploads/2020/03/Harris-Poll-COVID19-Tabs_Wave-2.pdf
Trump,4/8/2020,all,3/15/2020,3/17/2020,YouGov,B-,1500,a,.22617726,.04561309,"","",45,46,46.549185,47.704024,13:05:05  8 Apr 2020,https://docs.cdn.yougov.com/fcdckgt368/econTabReport.pdf
Trump,4/8/2020,all,3/16/2020,3/17/2020,Ipsos,B-,1115,a,.28685713,.0719723,"","",47,47,48.201511,46.505563,13:05:05  8 Apr 2020,https://fingfx.thomsonreuters.com/gfx/mkt/13/3563/3524/Topline%20Reuters%20Coronavirus%2003%2017%202020.pdf
Trump,4/8/2020,all,3/16/2020,3/19/2020,American Research Group,B,1100,a,1.3368589,.40999508,"","",41,55,43.065925,52.345004,13:05:05  8 Apr 2020,https://americanresearchgroup.com/economy/
Trump,4/8/2020,all,3/13/2020,3/22/2020,Gallup,B,1020,a,1.3091946,.40151082,"","",60,38,56.173007,40.630683,13:05:05  8 Apr 2020,https://news.gallup.com/poll/298313/president-trump-job-approval-rating.aspx
Trump,4/8/2020,all,3/17/2020,3/18/2020,Harris Insights & Analytics,C+,2019,a,.32718644,.08738244,"","",56,44,53.987469,41.839906,13:05:05  8 Apr 2020,https://theharrispoll.com/wp-content/uploads/2020/04/Wave-2-3_tabs_updated-1.pdf
Trump,4/8/2020,all,3/18/2020,3/19/2020,Ipsos,B-,512,a,.12758955,.03652145,"","",55,43,56.201511,42.505563,13:05:05  8 Apr 2020,https://www.ipsos.com/sites/default/files/ct/news/documents/2020-03/topline-abc-news-coronavirus-032020.pdf
Trump,4/8/2020,all,3/18/2020,3/19/2020,Emerson College,A-,1100,rv,1.8517079,.60122072,"","",49.1,41.4,48.675416,42.998359,13:05:05  8 Apr 2020,https://emersonpolling.reportablenews.com/pr/march-national-poll-70-of-americans-worried-about-catching-coronavirus
Trump,4/8/2020,all,3/17/2020,3/20/2020,Morning Consult,B/C,1851,rv,.18205655,.0472218,"","",53,39,51.056106,43.359846,13:05:05  8 Apr 2020,https://morningconsult.com/wp-content/uploads/2020/03/200371_crosstabs_CORONAVIRUS_TREND_PARTIALS_RVs_v2_JB.pdf
Trump,4/8/2020,all,3/18/2020,3/19/2020,SurveyUSA,A,1000,a,1.4667084,.46494159,"","",51,40,49.858094,41.425046,13:05:05  8 Apr 2020,http://www.surveyusa.com/client/PollReport.aspx?g=982bb407-60fd-42bc-ac07-080c7af879b2
Trump,4/8/2020,all,3/18/2020,3/22/2020,Monmouth University,A+,851,a,1.8679869,.63607371,"","",50,45,49.941204,44.934987,13:05:05  8 Apr 2020,https://www.monmouth.edu/polling-institute/documents/monmouthpoll_us_032320.pdf/
Trump,4/8/2020,all,3/20/2020,3/22/2020,YouGov,B-,1000,a,.13381883,.03972154,"","",49,42,50.549185,43.704024,13:05:05  8 Apr 2020,https://big.assets.huffingtonpost.com/athena/files/2020/03/24/5e7a4240c5b63c3b6498205f.pdf
Trump,4/8/2020,all,3/18/2020,3/24/2020,Ipsos,B-,4428,a,1.0730719,.3463831,"","",49,44,50.201511,43.505563,13:05:05  8 Apr 2020,https://fingfx.thomsonreuters.com/gfx/mkt/13/3885/3841/Topline%20Reuters%20Coronavirus%2003%2024%202020.pdf
Trump,4/8/2020,all,3/20/2020,3/22/2020,Morning Consult,B/C,2200,a,.21863292,.06360663,"","",49,40,47.056106,44.359846,13:05:05  8 Apr 2020,https://morningconsult.com/wp-content/uploads/2020/03/200383_crosstabs_CORONAVIRUS_CONTENT_Adults_v4_JB.pdf
Trump,4/8/2020,all,3/19/2020,3/22/2020,Rasmussen Reports/Pulse Opinion Research,C+,1000,lv,1.0340303,.37295669,"","",45,54,45.915341,51.700267,13:05:05  8 Apr 2020,https://www.rasmussenreports.com/platinum/political_tracking_crosstabs/march_2020/crosstabs_trump_response_to_coronavirus_march_19_and_22_2020
Trump,4/8/2020,all,3/20/2020,3/24/2020,Echelon Insights,"",1000,rv,.62754218,.23505539,"","",52,44,50.442807,45.20979,13:05:05  8 Apr 2020,http://echeloninsights.com/wp-content/uploads/Omnibus_March-2020_COVID.pdf
Trump,4/8/2020,all,3/19/2020,3/24/2020,Pew Research Center,B/C,11537,a,2.653356,1.0047772,"","",48,51,48.032078,49.211085,13:05:05  8 Apr 2020,https://www.people-press.org/wp-content/uploads/sites/4/2020/03/PP_2020.03.26_Coronavirus-Impact_FINAL.pdf
Trump,4/8/2020,all,3/20/2020,3/23/2020,Global Strategy Group/GBA Strategies,"",259.5,rv,.10054262,.03120533,"",T,52,42,52.334691,41.335789,13:05:05  8 Apr 2020,https://navigatorresearch.org/wp-content/uploads/2020/03/Navigator-Daily-Tracker-Topline-F03.23.20.pdf
Trump,4/8/2020,all,3/21/2020,3/22/2020,Harris Insights & Analytics,C+,2023,a,.32037784,.10887748,"","",55,45,52.987469,42.839906,13:05:05  8 Apr 2020,https://theharrispoll.com/wp-content/uploads/2020/03/COVID-19-Tracker_Wave-2-4_tabs.pdf
Trump,4/8/2020,all,3/21/2020,3/23/2020,YouGov,B-,2190,a,.2869259,.09099492,"","",53,47,54.549185,48.704024,13:05:05  8 Apr 2020,https://drive.google.com/file/d/1TofJVeuCbZN8cRGBN97kWGqhO6tlQ7VA/view
Trump,4/8/2020,all,3/22/2020,3/23/2020,Harris Insights & Analytics,C+,1002,rv,.16038749,.06106143,"","",56,44,53.987469,41.839906,13:05:05  8 Apr 2020,https://thehill.com/hilltv/what-americas-thinking/489920-poll-trumps-approval-on-coronavirus-drops-after-calls-to-reopen
Trump,4/8/2020,all,3/21/2020,3/24/2020,Global Strategy Group/GBA Strategies,"",253,rv,.09488212,.03404043,"",T,52,43,52.334691,42.335789,13:05:05  8 Apr 2020,https://navigatorresearch.org/wp-content/uploads/2020/03/Navigator-Daily-Tracker-Topline-F03.24.20.pdf
Trump,4/8/2020,all,3/21/2020,3/24/2020,Fox News/Beacon Research/Shaw & Co. Research,A-,1011,rv,1.7272794,.72116338,"","",51,46,50.123964,46.16149,13:05:05  8 Apr 2020,https://www.scribd.com/document/453417322/Fox-News-Poll-March-21-24-2020
Trump,4/8/2020,all,3/22/2020,3/24/2020,YouGov,B-,1500,a,.19471141,.07061036,"","",49,44,50.549185,45.704024,13:05:05  8 Apr 2020,https://docs.cdn.yougov.com/bfiid7tfh3/econTabReport.pdf
Trump,4/8/2020,all,3/22/2020,3/25/2020,ABC News/Washington Post,A+,1003,a,2.1123482,.96396257,"","",51,45,50.140069,45.472612,13:05:05  8 Apr 2020,https://www.washingtonpost.com/context/washington-post-abc-news-poll-march-22-25-2020/974c3312-5a40-4764-afb1-4bb6b86f1cf4/
Trump,4/8/2020,all,3/22/2020,3/25/2020,Global Strategy Group/GBA Strategies,"",250.75,rv,.09092813,.03708083,"",T,48,48,48.334691,47.335789,13:05:05  8 Apr 2020,https://navigatorresearch.org/wp-content/uploads/2020/03/Navigator-Daily-Tracker-Topline-F03.25.20.pdf
Trump,4/8/2020,all,3/23/2020,3/26/2020,Global Strategy Group/GBA Strategies,"",251.25,rv,.08884559,.04039615,"",T,49,49,49.334691,48.335789,13:05:05  8 Apr 2020,https://navigatorresearch.org/wp-content/uploads/2020/03/Navigator-Daily-Tracker-Topline-F03.26.20.pdf
Trump,4/8/2020,all,3/24/2020,3/25/2020,Echelon Insights,"",601,a,.38581844,.18884145,"","",53,42,51.442807,43.20979,13:05:05  8 Apr 2020,https://twitter.com/EchelonInsights/status/1243156456159010817
Trump,4/8/2020,all,3/24/2020,3/26/2020,Zogby Interactive/JZ Analytics,C,889,lv,.91552989,.45335101,"","",49,51,48.770362,49.673067,13:05:05  8 Apr 2020,https://zogbyanalytics.com/news/927-the-zogby-poll-voters-give-a-slight-edge-to-trump-versus-biden-in-who-is-better-equipped-to-handle-pandemic-cuomo-is-the-highest-rated-politician-at-handling-the-coronavirus-crisis-trump-rated-higher-than-sanders-and-biden-for-his-response-to-the-pandemic
Trump,4/8/2020,all,3/24/2020,3/26/2020,Morning Consult,B/C,2200,a,.23273778,.10127643,"","",50,41,48.056106,45.359846,13:05:05  8 Apr 2020,https://morningconsult.com/wp-content/uploads/2020/03/200394_crosstabs_CORONAVIRUS_CONTENT_Adults_v4_JB.pdf
Trump,4/8/2020,all,3/23/2020,3/26/2020,McLaughlin & Associates,C/D,1000,lv,.82911931,.41056232,"","",53,45,51.535862,45.478516,13:05:05  8 Apr 2020,https://mclaughlinonline.com/pols/wp-content/uploads/2020/03/National-Monthly-Omnibus-MARCH-PUBLIC.pdf
Trump,4/8/2020,all,3/24/2020,3/25/2020,SurveyUSA,A,1000,a,1.5137375,.73357904,"","",53,44,51.858094,45.425046,13:05:05  8 Apr 2020,http://www.surveyusa.com/client/PollReport.aspx?g=a6354d34-2350-49a3-b360-8772ca176a2d
Trump,4/8/2020,all,3/24/2020,3/26/2020,Harris Insights & Analytics,C+,2410,rv,.40088772,.18458779,*,"",47,53,44.987469,50.839906,13:05:05  8 Apr 2020,https://harvardharrispoll.com/wp-content/uploads/2020/03/HHP_March2020_RegisteredVoters_Crosstabs.pdf
Trump,4/8/2020,all,3/25/2020,3/26/2020,YouGov,B-,1579,a,.20352834,.10065847,"","",43,49,44.549185,50.704024,13:05:05  8 Apr 2020,https://docs.cdn.yougov.com/69501vybsd/20200326_yahoo_coronavirus_crosstabs.pdf
Trump,4/8/2020,all,3/24/2020,3/27/2020,Global Strategy Group/GBA Strategies,"",255.5,rv,.08875513,.04436618,"",T,47,50,47.334691,49.335789,13:05:05  8 Apr 2020,https://navigatorresearch.org/wp-content/uploads/2020/03/Navigator-Daily-Tracker-Topline-F03.27.20.pdf
Trump,4/8/2020,all,3/26/2020,3/27/2020,Harris Insights & Analytics,C+,948,rv,.17055056,.09164562,"","",50,50,47.987469,47.839906,13:05:05  8 Apr 2020,https://thehill.com/hilltv/what-americas-thinking/489920-poll-trumps-approval-on-coronavirus-drops-after-calls-to-reopen
Trump,4/8/2020,all,3/26/2020,3/28/2020,Change Research,C,1845,lv,.69874832,.38616093,"","",45,55,46.283051,50.956957,13:05:05  8 Apr 2020,https://www.changeresearch.com/post/national-poll-on-coronavirus
Trump,4/8/2020,all,3/25/2020,3/30/2020,Global Strategy Group/GBA Strategies,"",169.5,rv,.05761421,.03382811,"",T,49,48,49.334691,47.335789,13:05:05  8 Apr 2020,https://navigatorresearch.org/wp-content/uploads/2020/03/Navigator-Daily-Tracker-Topline-F03.30.20.pdf
Trump,4/8/2020,all,3/25/2020,3/30/2020,YouGov,B-,2000,a,.25815767,.15000461,"","",51,49,52.549185,50.704024,13:05:05  8 Apr 2020,https://www.moreincommon.com/media/z4fdmdpa/hidden-tribes_covid-19-polarization-and-the-pandemic-4-3-20.pdf
Trump,4/8/2020,all,3/26/2020,3/30/2020,YouGov,B-,2560,a,.33044181,.19200591,"","",52,48,53.549185,49.704024,13:05:05  8 Apr 2020,https://www.aei.org/wp-content/uploads/2020/04/APS-Mar-2020-Topline-Questionnaire.pdf
Trump,4/8/2020,all,3/26/2020,3/29/2020,AP-NORC,"",1057,a,1.2164167,.74405292,"","",44,55,45.307729,52.398693,13:05:05  8 Apr 2020,http://www.apnorc.org/PDFs/March%20Omnibus%202020/topline_gov.pdf
Trump,4/8/2020,all,3/26/2020,3/29/2020,Change Research,C,1213,lv,.46505801,.27597292,"","",48,52,49.283051,47.956957,13:05:05  8 Apr 2020,https://drive.google.com/file/d/1yFA1QCCOFNkt__W9Zog3MaRMj8RJCw_1/view
Trump,4/8/2020,all,3/26/2020,3/29/2020,Research America Inc.,B/C,600,a,.79251381,.48476169,"","",43,33,44.398745,36.661163,13:05:05  8 Apr 2020,https://projects.fivethirtyeight.com/polls/20200407_National_ResearchAmerica_coronavirus.pdf
Trump,4/8/2020,all,3/25/2020,3/30/2020,Kaiser Family Foundation,"",1226,a,1.9084637,1.1673615,"","",50,47,49.425517,46.881574,13:05:05  8 Apr 2020,https://www.kff.org/wp-content/uploads/2020/04/Kaiser-Health-Tracking-Poll_Early-April_Full-Topline_FINAL.pdf
Trump,4/8/2020,all,3/27/2020,3/29/2020,Morning Consult,B/C,2200,a,.25214904,.14167178,"","",49,41,47.056106,45.359846,13:05:05  8 Apr 2020,https://morningconsult.com/wp-content/uploads/2020/03/2003102_crosstabs_CORONAVIRUS_CONTENT_Adults_v2_JB.pdf
Trump,4/8/2020,all,3/27/2020,3/31/2020,YouGov,B-,1000,a,.13174914,.08199128,"","",50,45,51.549185,46.704024,13:05:05  8 Apr 2020,https://big.assets.huffingtonpost.com/athena/files/2020/04/02/5e861523c5b6a9491832d32d.pdf
Trump,4/8/2020,all,3/28/2020,3/30/2020,Civiqs,"",1505,a,.95602727,.62190379,"","",44,51,45.390959,49.553976,13:05:05  8 Apr 2020,https://civiqs.com/documents/Civiqs_DailyKos_monthly_banner_book_2020_03B_x2nf9sb.pdf
Trump,4/8/2020,all,3/27/2020,3/30/2020,Selzer & Co.,A+,1009,a,2.192013,1.4259229,"","",50,43,49.439584,44.124826,13:05:05  8 Apr 2020,https://www.grinnell.edu/sites/default/files/docs/2020-03/GCNP%20April%202020%20Toplines%20and%20Methodology.pdf
Trump,4/8/2020,all,3/26/2020,3/31/2020,Global Strategy Group/GBA Strategies,"",169.5,rv,.05724016,.03604915,"",T,48,48,48.334691,47.335789,13:05:05  8 Apr 2020,https://navigatorresearch.org/wp-content/uploads/2020/04/Navigator-Daily-Tracker-Topline-F03.31.20.pdf
Trump,4/8/2020,all,3/27/2020,4/1/2020,Global Strategy Group/GBA Strategies,"",505,rv,.17010645,.11427939,"",T,48,48,48.334691,47.335789,13:05:05  8 Apr 2020,https://navigatorresearch.org/wp-content/uploads/2020/04/Navigator-Daily-Tracker-Topline-F04.01.20.pdf
Trump,4/8/2020,all,3/29/2020,3/31/2020,YouGov,B-,1500,a,.20272462,.13445953,"","",50,42,51.549185,43.704024,13:05:05  8 Apr 2020,https://docs.cdn.yougov.com/p8nwhxp50n/econTabReport.pdf
Trump,4/8/2020,all,3/30/2020,3/31/2020,Ipsos,B-,1114,a,.35684951,.24808954,"","",48,46,49.201511,45.505563,13:05:05  8 Apr 2020,https://www.ipsos.com/sites/default/files/ct/news/documents/2020-04/2020_reuters_tracking_-_core_political_coronavirus_tracker_04_01_2020.pdf
Trump,4/8/2020,all,3/29/2020,4/1/2020,IBD/TIPP,A/B,1226,a,2.4394524,1.7763439,"","",43,41,44.630168,42.837912,13:05:05  8 Apr 2020,https://projects.fivethirtyeight.com/polls/20200407_National.xlsx
Trump,4/8/2020,all,3/31/2020,4/1/2020,YouGov,B-,2236,a,.32279739,.24055236,"","",51,49,52.549185,50.704024,13:05:05  8 Apr 2020,https://drive.google.com/file/d/1bgUZsCC8uuAtPUlEgfFySkFuKl-oYjDK/view
Trump,4/8/2020,all,3/31/2020,4/1/2020,Morning Consult,B/C,2200,a,.29214604,.21412039,"","",48,45,46.056106,49.359846,13:05:05  8 Apr 2020,https://morningconsult.com/wp-content/uploads/2020/04/2003128_crosstabs_CORONAVIRUS_CONTENT_Adults_v2_JB.pdf
Trump,4/8/2020,all,3/30/2020,4/2/2020,Global Strategy Group/GBA Strategies,"",252,a,.08641031,.06514307,"",T,48,49,48.334691,48.335789,13:05:05  8 Apr 2020,https://navigatorresearch.org/wp-content/uploads/2020/04/Navigator-Daily-Tracker-Topline-F04.02.20.pdf
Trump,4/8/2020,all,4/1/2020,4/2/2020,Ipsos,B-,559,a,.19713117,.1534128,"","",47,52,48.201511,51.505563,13:05:05  8 Apr 2020,https://www.ipsos.com/sites/default/files/ct/news/documents/2020-04/topline-abc-coronavirus-trend-wave-3.pdf
Trump,4/8/2020,all,3/31/2020,4/3/2020,Global Strategy Group/GBA Strategies,"",249.25,a,.08674672,.0689317,"",T,47,49,47.334691,48.335789,13:05:05  8 Apr 2020,https://navigatorresearch.org/wp-content/uploads/2020/04/Navigator-Daily-Tracker-Topline-F04.03.20.pdf
Trump,4/8/2020,all,4/2/2020,4/3/2020,Harris Insights & Analytics,C+,933,rv,.25773022,.21047461,"","",49,51,46.987469,48.839906,13:05:05  8 Apr 2020,https://thehill.com/hilltv/491533-poll-voters-split-on-trumps-handling-of-coronavirus-pandemic
Trump,4/8/2020,all,4/3/2020,4/4/2020,YouGov,B-,1000,a,.1662869,.1446231,"","",50,44,51.549185,45.704024,13:05:05  8 Apr 2020,https://big.assets.huffingtonpost.com/athena/files/2020/04/07/5e8cfcd3c5b62459a9308880.pdf
Trump,4/8/2020,all,4/1/2020,4/6/2020,Global Strategy Group/GBA Strategies,"",167.16667,a,.0607112,.05318849,"",T,48,49,48.334691,48.335789,13:05:05  8 Apr 2020,https://navigatorresearch.org/wp-content/uploads/2020/04/Navigator-Daily-Tracker-Topline-F04.06.20.pdf
Trump,4/8/2020,all,4/3/2020,4/5/2020,Morning Consult,B/C,2200,a,.34215883,.29561048,"","",49,45,47.056106,49.359846,13:05:05  8 Apr 2020,https://morningconsult.com/wp-content/uploads/2020/04/200409_crosstabs_CORONAVIRUS_CONTENT_Adults_v4_JB.pdf
Trump,4/8/2020,all,4/3/2020,4/6/2020,NBC News/Wall Street Journal,A/B,804,a,1.2996331,1.1964773,"","",50,45,49.875988,44.551001,13:05:05  8 Apr 2020,https://www.cnbc.com/2020/04/08/1-in-4-americans-have-either-lost-their-job-or-had-pay-cut-from-coronavirus-shutdowns-survey.html
Trump,4/8/2020,all,4/3/2020,4/6/2020,SSRS,A/B,1002,a,1.3730784,1.264128,"","",45,52,46.406355,50.751719,13:05:05  8 Apr 2020,https://cdn.cnn.com/cnn/2020/images/04/08/rel4a.-.coronavirus.pdf
Trump,4/8/2020,all,4/3/2020,4/7/2020,Monmouth University,A+,857,a,1.8809033,1.7342716,"","",46,49,45.941204,48.934987,13:05:05  8 Apr 2020,https://www.monmouth.edu/polling-institute/documents/monmouthpoll_us_040820.pdf/
Trump,4/8/2020,all,4/2/2020,4/7/2020,Global Strategy Group/GBA Strategies,"",1007,a,.3755007,.34435865,"",T,48,48,48.334691,47.335789,13:05:05  8 Apr 2020,https://navigatorresearch.org/wp-content/uploads/2020/04/Navigator-Daily-Tracker-Topline-F04.07.20.pdf
Trump,4/8/2020,all,4/5/2020,4/7/2020,YouGov,B-,1500,a,.28311188,.27052581,"","",46,47,47.549185,48.704024,13:05:05  8 Apr 2020,https://docs.cdn.yougov.com/ogvntw3mu9/econTabReport.pdf
Trump,4/8/2020,all,4/6/2020,4/7/2020,Ipsos,B-,1116,a,.51138722,.51138722,"","",42,53,43.201511,52.505563,13:05:05  8 Apr 2020,https://twitter.com/Cmkahn/status/1247878625963188225
